"tier","section","item_id","name","min_quantity","max_quantity","weight","ge_price"
"beginner","Beginner clue uniques","23285","Mole slippers","1","1","0.0027777777777777779","140288"
"beginner","Beginner clue uniques","23288","Frog slippers","1","1","0.0027777777777777779","20620"
"beginner","Beginner clue uniques","23291","Bear feet","1","1","0.0027777777777777779","16161"
"beginner","Beginner clue uniques","23294","Demon feet","1","1","0.0027777777777777779","50778"
"beginner","Beginner clue uniques","23297","Jester cape","1","1","0.0027777777777777779","17846"
"beginner","Beginner clue uniques","23300","Shoulder parrot","1","1","0.0027777777777777779","61662"
"beginner","Beginner clue uniques","23303","Monk's robe top (t)","1","1","0.0027777777777777779","32718"
"beginner","Beginner clue uniques","23306","Monk's robe (t)","1","1","0.0027777777777777779","8728"
"beginner","Beginner clue uniques","23309","Amulet of defence (t)","1","1","0.0027777777777777779","2593"
"beginner","Beginner clue uniques","23312","Sandwich lady hat","1","1","0.0027777777777777779","6997"
"beginner","Beginner clue uniques","23315","Sandwich lady top","1","1","0.0027777777777777779","6544"
"beginner","Beginner clue uniques","23318","Sandwich lady bottom","1","1","0.0027777777777777779","2810"
"beginner","Beginner clue uniques","23321","Rune scimitar ornament kit (Guthix)","1","1","0.0027777777777777779","3584"
"beginner","Beginner clue uniques","23324","Rune scimitar ornament kit (Saradomin)","1","1","0.0027777777777777779","3746"
"beginner","Beginner clue uniques","23327","Rune scimitar ornament kit (Zamorak)","1","1","0.0027777777777777779","6093"
"beginner","Black items table","1313","Black 2h sword","1","1","0.0012420957542908762","967"
"beginner","Black items table","1361","Black axe","1","1","0.0012420957542908762","977"
"beginner","Black items table","1367","Black battleaxe","1","1","0.0012420957542908762","543"
"beginner","Black items table","1107","Black chainbody","1","1","0.0012420957542908762","2775"
"beginner","Black items table","1217","Black dagger","1","1","0.0012420957542908762","336"
"beginner","Black items table","1165","Black full helm","1","1","0.0012420957542908762","425"
"beginner","Black items table","1195","Black kiteshield","1","1","0.0012420957542908762","1102"
"beginner","Black items table","1297","Black longsword","1","1","0.0012420957542908762","708"
"beginner","Black items table","1426","Black mace","1","1","0.0012420957542908762","802"
"beginner","Black items table","1151","Black med helm","1","1","0.0012420957542908762","784"
"beginner","Black items table","12297","Black pickaxe","1","1","0.0012420957542908762","1951"
"beginner","Black items table","1125","Black platebody","1","1","0.0012420957542908762","2498"
"beginner","Black items table","1089","Black plateskirt","1","1","0.0012420957542908762","1964"
"beginner","Black items table","1077","Black platelegs","1","1","0.0012420957542908762","1337"
"beginner","Black items table","1179","Black sq shield","1","1","0.0012420957542908762","453"
"beginner","Black items table","1327","Black scimitar","1","1","0.0012420957542908762","1541"
"beginner","Black items table","1283","Black sword","1","1","0.0012420957542908762","959"
"beginner","Black items table","1341","Black warhammer","1","1","0.0012420957542908762","631"
"beginner","Weapons and armour","841","Shortbow","1","1","0.022357723577235773","79"
"beginner","Weapons and armour","839","Longbow","1","1","0.022357723577235773","20"
"beginner","Weapons and armour","843","Oak shortbow","1","1","0.022357723577235773","44"
"beginner","Weapons and armour","845","Oak longbow","1","1","0.022357723577235773","49"
"beginner","Weapons and armour","1267","Iron pickaxe","1","1","0.022357723577235773","54"
"beginner","Weapons and armour","1381","Staff of air","1","1","0.022357723577235773","1507"
"beginner","Weapons and armour","1383","Staff of water","1","1","0.022357723577235773","788"
"beginner","Weapons and armour","1385","Staff of earth","1","1","0.022357723577235773","718"
"beginner","Weapons and armour","1387","Staff of fire","1","1","0.022357723577235773","969"
"beginner","Weapons and armour","1157","Steel full helm","1","1","0.022357723577235773","169"
"beginner","Weapons and armour","1119","Steel platebody","1","1","0.022357723577235773","917"
"beginner","Weapons and armour","1069","Steel platelegs","1","1","0.022357723577235773","390"
"beginner","Weapons and armour","1083","Steel plateskirt","1","1","0.022357723577235773","361"
"beginner","Weapons and armour","1295","Steel longsword","1","1","0.022357723577235773","117"
"beginner","Weapons and armour","1207","Steel dagger","1","1","0.022357723577235773","122"
"beginner","Weapons and armour","1353","Steel axe","1","1","0.022357723577235773","184"
"beginner","Weapons and armour","1365","Steel battleaxe","1","1","0.022357723577235773","165"
"beginner","Weapons and armour","1167","Leather cowl","1","1","0.022357723577235773","48"
"beginner","Weapons and armour","1129","Leather body","1","1","0.022357723577235773","18"
"beginner","Weapons and armour","1095","Leather chaps","1","1","0.022357723577235773","5"
"beginner","Weapons and armour","1063","Leather vambraces","1","1","0.022357723577235773","10"
"beginner","Weapons and armour","1131","Hardleather body","1","1","0.022357723577235773","10"
"beginner","Weapons and armour","579","Blue wizard hat","1","1","0.022357723577235773","271"
"beginner","Weapons and armour","577","Blue wizard robe","1","1","0.022357723577235773","1150"
"beginner","Weapons and armour","1017","Wizard hat","1","1","0.022357723577235773","332"
"beginner","Weapons and armour","581","Black robe","1","1","0.022357723577235773","704"
"beginner","Runes and ammunition","556","Air rune","15","35","0.022357723577235773","5"
"beginner","Runes and ammunition","558","Mind rune","15","35","0.022357723577235773","3"
"beginner","Runes and ammunition","555","Water rune","15","35","0.022357723577235773","5"
"beginner","Runes and ammunition","557","Earth rune","15","35","0.022357723577235773","5"
"beginner","Runes and ammunition","554","Fire rune","15","35","0.022357723577235773","5"
"beginner","Runes and ammunition","559","Body rune","15","35","0.022357723577235773","5"
"beginner","Runes and ammunition","562","Chaos rune","2","7","0.022357723577235773","105"
"beginner","Runes and ammunition","561","Nature rune","2","7","0.022357723577235773","157"
"beginner","Runes and ammunition","563","Law rune","2","7","0.022357723577235773","125"
"beginner","Runes and ammunition","882","Bronze arrow","15","30","0.022357723577235773","5"
"beginner","Runes and ammunition","884","Iron arrow","7","15","0.022357723577235773","5"
"beginner","Food","1965","Cabbage","5","9","0.041666666666666664","26"
"beginner","Food","315","Shrimps","5","14","0.022357723577235773","20"
"beginner","Food","325","Sardine","5","12","0.022357723577235773","14"
"beginner","Food","347","Herring","5","9","0.022357723577235773","14"
"easy","Easy clue uniques","10280","Willow comp bow","1","1","0.0027777777777777779","4290"
"easy","Easy clue uniques","10366","Amulet of magic (t)","1","1","0.0027777777777777779","12271"
"easy","Easy clue uniques","20211","Team cape zero","1","1","0.00017806267806267807","2594306"
"easy","Easy clue uniques","20217","Team cape i","1","1","0.00017806267806267807","1120814"
"easy","Easy clue uniques","20214","Team cape x","1","1","0.00017806267806267807","1259209"
"easy","Easy clue uniques","23351","Cape of skulls","1","1","0.00017806267806267807","3312351"
"easy","Easy clue uniques","20205","Golden chef's hat","1","1","0.00035612535612535614","327321"
"easy","Easy clue uniques","20208","Golden apron","1","1","0.00035612535612535614","145446"
"easy","Easy clue uniques","20166","Wooden shield (g)","1","1","0.00071225071225071229","75330"
"easy","Easy clue uniques","2587","Black full helm (t)","1","1","0.00071225071225071229","20610"
"easy","Easy clue uniques","2583","Black platebody (t)","1","1","0.00071225071225071229","13278"
"easy","Easy clue uniques","2585","Black platelegs (t)","1","1","0.00071225071225071229","9741"
"easy","Easy clue uniques","3472","Black plateskirt (t)","1","1","0.00071225071225071229","1438"
"easy","Easy clue uniques","2589","Black kiteshield (t)","1","1","0.00071225071225071229","7635"
"easy","Easy clue uniques","2595","Black full helm (g)","1","1","0.00071225071225071229","82801"
"easy","Easy clue uniques","2591","Black platebody (g)","1","1","0.00071225071225071229","110211"
"easy","Easy clue uniques","2593","Black platelegs (g)","1","1","0.00071225071225071229","22281"
"easy","Easy clue uniques","3473","Black plateskirt (g)","1","1","0.00071225071225071229","6567"
"easy","Easy clue uniques","2597","Black kiteshield (g)","1","1","0.00071225071225071229","105522"
"easy","Easy clue uniques","7332","Black shield (h1)","1","1","0.00071225071225071229","1447"
"easy","Easy clue uniques","7338","Black shield (h2)","1","1","0.00071225071225071229","1500"
"easy","Easy clue uniques","7344","Black shield (h3)","1","1","0.00071225071225071229","1379"
"easy","Easy clue uniques","7350","Black shield (h4)","1","1","0.00071225071225071229","1497"
"easy","Easy clue uniques","7356","Black shield (h5)","1","1","0.00071225071225071229","1752"
"easy","Easy clue uniques","10306","Black helm (h1)","1","1","0.00071225071225071229","5469"
"easy","Easy clue uniques","10308","Black helm (h2)","1","1","0.00071225071225071229","4886"
"easy","Easy clue uniques","10310","Black helm (h3)","1","1","0.00071225071225071229","2006"
"easy","Easy clue uniques","10312","Black helm (h4)","1","1","0.00071225071225071229","2212"
"easy","Easy clue uniques","10314","Black helm (h5)","1","1","0.00071225071225071229","6210"
"easy","Easy clue uniques","23366","Black platebody (h1)","1","1","0.00071225071225071229","1674"
"easy","Easy clue uniques","23369","Black platebody (h2)","1","1","0.00071225071225071229","2420"
"easy","Easy clue uniques","23372","Black platebody (h3)","1","1","0.00071225071225071229","1606"
"easy","Easy clue uniques","23375","Black platebody (h4)","1","1","0.00071225071225071229","3736"
"easy","Easy clue uniques","23378","Black platebody (h5)","1","1","0.00071225071225071229","2719"
"easy","Easy clue uniques","20193","Steel full helm (t)","1","1","0.00071225071225071229","5104"
"easy","Easy clue uniques","20184","Steel platebody (t)","1","1","0.00071225071225071229","8083"
"easy","Easy clue uniques","20187","Steel platelegs (t)","1","1","0.00071225071225071229","4813"
"easy","Easy clue uniques","20190","Steel plateskirt (t)","1","1","0.00071225071225071229","2543"
"easy","Easy clue uniques","20196","Steel kiteshield (t)","1","1","0.00071225071225071229","7317"
"easy","Easy clue uniques","20178","Steel full helm (g)","1","1","0.00071225071225071229","11271"
"easy","Easy clue uniques","20169","Steel platebody (g)","1","1","0.00071225071225071229","15286"
"easy","Easy clue uniques","20172","Steel platelegs (g)","1","1","0.00071225071225071229","2750"
"easy","Easy clue uniques","20175","Steel plateskirt (g)","1","1","0.00071225071225071229","2000"
"easy","Easy clue uniques","20181","Steel kiteshield (g)","1","1","0.00071225071225071229","7634"
"easy","Easy clue uniques","12231","Iron full helm (t)","1","1","0.00071225071225071229","25001"
"easy","Easy clue uniques","12225","Iron platebody (t)","1","1","0.00071225071225071229","21715"
"easy","Easy clue uniques","12227","Iron platelegs (t)","1","1","0.00071225071225071229","5603"
"easy","Easy clue uniques","12229","Iron plateskirt (t)","1","1","0.00071225071225071229","978"
"easy","Easy clue uniques","12233","Iron kiteshield (t)","1","1","0.00071225071225071229","6773"
"easy","Easy clue uniques","12241","Iron full helm (g)","1","1","0.00071225071225071229","132764"
"easy","Easy clue uniques","12235","Iron platebody (g)","1","1","0.00071225071225071229","131196"
"easy","Easy clue uniques","12237","Iron platelegs (g)","1","1","0.00071225071225071229","43058"
"easy","Easy clue uniques","12239","Iron plateskirt (g)","1","1","0.00071225071225071229","6260"
"easy","Easy clue uniques","12243","Iron kiteshield (g)","1","1","0.00071225071225071229","29168"
"easy","Easy clue uniques","12221","Bronze full helm (t)","1","1","0.00071225071225071229","6586"
"easy","Easy clue uniques","12215","Bronze platebody (t)","1","1","0.00071225071225071229","3139"
"easy","Easy clue uniques","12217","Bronze platelegs (t)","1","1","0.00071225071225071229","1609"
"easy","Easy clue uniques","12219","Bronze plateskirt (t)","1","1","0.00071225071225071229","4696"
"easy","Easy clue uniques","12223","Bronze kiteshield (t)","1","1","0.00071225071225071229","4269"
"easy","Easy clue uniques","12211","Bronze full helm (g)","1","1","0.00071225071225071229","43389"
"easy","Easy clue uniques","12205","Bronze platebody (g)","1","1","0.00071225071225071229","22807"
"easy","Easy clue uniques","12207","Bronze platelegs (g)","1","1","0.00071225071225071229","2613"
"easy","Easy clue uniques","12209","Bronze plateskirt (g)","1","1","0.00071225071225071229","1675"
"easy","Easy clue uniques","12213","Bronze kiteshield (g)","1","1","0.00071225071225071229","11411"
"easy","Easy clue uniques","7362","Studded body (g)","1","1","0.00071225071225071229","5351"
"easy","Easy clue uniques","7366","Studded chaps (g)","1","1","0.00071225071225071229","8995"
"easy","Easy clue uniques","7364","Studded body (t)","1","1","0.00071225071225071229","2714"
"easy","Easy clue uniques","7368","Studded chaps (t)","1","1","0.00071225071225071229","4177"
"easy","Easy clue uniques","23381","Leather body (g)","1","1","0.00071225071225071229","58724"
"easy","Easy clue uniques","23384","Leather chaps (g)","1","1","0.00071225071225071229","13964"
"easy","Easy clue uniques","7394","Blue wizard hat (g)","1","1","0.00071225071225071229","117747"
"easy","Easy clue uniques","7390","Blue wizard robe (g)","1","1","0.00071225071225071229","154207"
"easy","Easy clue uniques","7386","Blue skirt (g)","1","1","0.00071225071225071229","23296"
"easy","Easy clue uniques","7396","Blue wizard hat (t)","1","1","0.00071225071225071229","37554"
"easy","Easy clue uniques","7392","Blue wizard robe (t)","1","1","0.00071225071225071229","29811"
"easy","Easy clue uniques","7388","Blue skirt (t)","1","1","0.00071225071225071229","29078"
"easy","Easy clue uniques","12453","Black wizard hat (g)","1","1","0.00071225071225071229","195204"
"easy","Easy clue uniques","12449","Black wizard robe (g)","1","1","0.00071225071225071229","179398"
"easy","Easy clue uniques","12445","Black skirt (g)","1","1","0.00071225071225071229","33942"
"easy","Easy clue uniques","12455","Black wizard hat (t)","1","1","0.00071225071225071229","108756"
"easy","Easy clue uniques","12451","Black wizard robe (t)","1","1","0.00071225071225071229","90058"
"easy","Easy clue uniques","12447","Black skirt (t)","1","1","0.00071225071225071229","20518"
"easy","Easy clue uniques","20199","Monk's robe top (g)","1","1","7.122507122507122E-05","4083712"
"easy","Easy clue uniques","20202","Monk's robe (g)","1","1","7.122507122507122E-05","1050339"
"easy","Easy clue uniques","10458","Saradomin robe top","1","1","0.00071225071225071229","38740"
"easy","Easy clue uniques","10464","Saradomin robe legs","1","1","0.00071225071225071229","53333"
"easy","Easy clue uniques","10462","Guthix robe top","1","1","0.00071225071225071229","27551"
"easy","Easy clue uniques","10466","Guthix robe legs","1","1","0.00071225071225071229","18179"
"easy","Easy clue uniques","10460","Zamorak robe top","1","1","0.00071225071225071229","54034"
"easy","Easy clue uniques","10468","Zamorak robe legs","1","1","0.00071225071225071229","27705"
"easy","Easy clue uniques","12193","Ancient robe top","1","1","0.00071225071225071229","28687"
"easy","Easy clue uniques","12195","Ancient robe legs","1","1","0.00071225071225071229","22592"
"easy","Easy clue uniques","12253","Armadyl robe top","1","1","0.00071225071225071229","50725"
"easy","Easy clue uniques","12255","Armadyl robe legs","1","1","0.00071225071225071229","18171"
"easy","Easy clue uniques","12265","Bandos robe top","1","1","0.00071225071225071229","23916"
"easy","Easy clue uniques","12267","Bandos robe legs","1","1","0.00071225071225071229","20372"
"easy","Easy clue uniques","10316","Bob's red shirt","1","1","0.00071225071225071229","8429"
"easy","Easy clue uniques","10320","Bob's green shirt","1","1","0.00071225071225071229","7829"
"easy","Easy clue uniques","10318","Bob's blue shirt","1","1","0.00071225071225071229","11537"
"easy","Easy clue uniques","10322","Bob's black shirt","1","1","0.00071225071225071229","25978"
"easy","Easy clue uniques","10324","Bob's purple shirt","1","1","0.00071225071225071229","15039"
"easy","Easy clue uniques","2631","Highwayman mask","1","1","0.00071225071225071229","64689"
"easy","Easy clue uniques","2633","Blue beret","1","1","0.00071225071225071229","7542"
"easy","Easy clue uniques","2635","Black beret","1","1","0.00071225071225071229","31426"
"easy","Easy clue uniques","12247","Red beret","1","1","0.00071225071225071229","9626"
"easy","Easy clue uniques","2637","White beret","1","1","0.00071225071225071229","27817"
"easy","Easy clue uniques","10392","A powdered wig","1","1","0.00071225071225071229","4456"
"easy","Easy clue uniques","12245","Beanie","1","1","0.00071225071225071229","6195"
"easy","Easy clue uniques","12249","Imp mask","1","1","0.00071225071225071229","7772"
"easy","Easy clue uniques","12251","Goblin mask","1","1","0.00071225071225071229","37843"
"easy","Easy clue uniques","10398","Sleeping cap","1","1","0.00071225071225071229","15500"
"easy","Easy clue uniques","10394","Flared trousers","1","1","0.00071225071225071229","2245630"
"easy","Easy clue uniques","10396","Pantaloons","1","1","0.00071225071225071229","1626"
"easy","Easy clue uniques","12375","Black cane","1","1","0.00071225071225071229","2326"
"easy","Easy clue uniques","23363","Staff of Bob the Cat","1","1","0.00071225071225071229","117898"
"easy","Easy clue uniques","10404","Red elegant shirt","1","1","0.00035612535612535614","15868"
"easy","Easy clue uniques","10424","Red elegant blouse","1","1","0.00035612535612535614","19579"
"easy","Easy clue uniques","10406","Red elegant legs","1","1","0.00035612535612535614","7613"
"easy","Easy clue uniques","10426","Red elegant skirt","1","1","0.00035612535612535614","5500"
"easy","Easy clue uniques","10412","Green elegant shirt","1","1","0.00035612535612535614","9995"
"easy","Easy clue uniques","10432","Green elegant blouse","1","1","0.00035612535612535614","24334"
"easy","Easy clue uniques","10414","Green elegant legs","1","1","0.00035612535612535614","13500"
"easy","Easy clue uniques","10434","Green elegant skirt","1","1","0.00035612535612535614","7985"
"easy","Easy clue uniques","10408","Blue elegant shirt","1","1","0.00035612535612535614","18445"
"easy","Easy clue uniques","10428","Blue elegant blouse","1","1","0.00035612535612535614","39736"
"easy","Easy clue uniques","10410","Blue elegant legs","1","1","0.00035612535612535614","12820"
"easy","Easy clue uniques","10430","Blue elegant skirt","1","1","0.00035612535612535614","9519"
"easy","Easy clue uniques","23354","Amulet of power (t)","1","1","0.00071225071225071229","375576"
"easy","Easy clue uniques","23360","Ham joint","1","1","0.00071225071225071229","1208525"
"easy","Easy clue uniques","23357","Rain bow","1","1","0.00071225071225071229","61372"
"easy","Weapons and armour","1165","Black full helm","1","1","0.027777777777777776","425"
"easy","Weapons and armour","1125","Black platebody","1","1","0.027777777777777776","2498"
"easy","Weapons and armour","1077","Black platelegs","1","1","0.027777777777777776","1337"
"easy","Weapons and armour","1297","Black longsword","1","1","0.027777777777777776","708"
"easy","Weapons and armour","1367","Black battleaxe","1","1","0.027777777777777776","543"
"easy","Weapons and armour","1361","Black axe","1","1","0.027777777777777776","977"
"easy","Weapons and armour","1217","Black dagger","1","1","0.027777777777777776","336"
"easy","Weapons and armour","1269","Steel pickaxe","1","1","0.027777777777777776","232"
"easy","Weapons and armour","12297","Black pickaxe","1","1","0.027777777777777776","1951"
"easy","Weapons and armour","1169","Coif","1","1","0.027777777777777776","37"
"easy","Weapons and armour","1133","Studded body","1","1","0.027777777777777776","309"
"easy","Weapons and armour","1097","Studded chaps","1","1","0.027777777777777776","281"
"easy","Weapons and armour","849","Willow shortbow","1","1","0.027777777777777776","113"
"easy","Weapons and armour","847","Willow longbow","1","1","0.025","103"
"easy","Weapons and armour","1381","Staff of air","1","1","0.027777777777777776","1507"
"easy","Weapons and armour","1727","Amulet of magic","1","1","0.025","534"
"easy","Runes","556","Air rune","30","50","0.027777777777777776","5"
"easy","Runes","558","Mind rune","30","50","0.027777777777777776","3"
"easy","Runes","555","Water rune","30","50","0.027777777777777776","5"
"easy","Runes","557","Earth rune","30","50","0.027777777777777776","5"
"easy","Runes","554","Fire rune","30","50","0.027777777777777776","5"
"easy","Runes","559","Body rune","30","50","0.027777777777777776","5"
"easy","Runes","562","Chaos rune","5","10","0.027777777777777776","105"
"easy","Runes","561","Nature rune","5","10","0.027777777777777776","157"
"easy","Runes","563","Law rune","5","10","0.027777777777777776","125"
"easy","Food","333","Trout","6","10","0.027777777777777776","18"
"easy","Food","329","Salmon","6","10","0.027777777777777776","26"
"easy","Shared treasure trail items","995","Coins","50","200","0.027777777777777776","0"
"easy","Shared treasure trail items","995","Coins","3000","7000","0.018518518518518517","0"
"easy","Shared treasure trail items","995","Coins","10000","15000","0.0032407407407407406","0"
"easy","Shared treasure trail items","995","Coins","3400","8200","0.00056980056980056976","0"
"easy","Shared treasure trail items","10476","Purple sweets","2","6","0.027777777777777776","5381"
"easy","Shared treasure trail items","10476","Purple sweets","8","12","0.0032407407407407406","5381"
"easy","Shared treasure trail items","7329","Red firelighter","3","5","0.0055555555555555558","71"
"easy","Shared treasure trail items","7330","Green firelighter","3","5","0.0055555555555555558","72"
"easy","Shared treasure trail items","7331","Blue firelighter","3","5","0.0055555555555555558","69"
"easy","Shared treasure trail items","10326","Purple firelighter","3","5","0.0055555555555555558","77"
"easy","Shared treasure trail items","10327","White firelighter","3","5","0.0055555555555555558","76"
"easy","Shared treasure trail items","20220","Holy blessing","1","1","0.000462962962962963","3952"
"easy","Shared treasure trail items","20223","Unholy blessing","1","1","0.000462962962962963","10793"
"easy","Shared treasure trail items","20226","Peaceful blessing","1","1","0.000462962962962963","2731"
"easy","Shared treasure trail items","20232","War blessing","1","1","0.000462962962962963","7432"
"easy","Shared treasure trail items","20229","Honourable blessing","1","1","0.000462962962962963","4268"
"easy","Shared treasure trail items","20235","Ancient blessing","1","1","0.000462962962962963","3281"
"easy","Shared treasure trail items","20238","Charge dragonstone jewellery scroll","5","15","0.0022095959595959595","161"
"easy","Shared treasure trail items","12402","Nardah teleport","5","15","0.0022095959595959595","11821"
"easy","Shared treasure trail items","12411","Mos le'harmless teleport","5","15","0.0022095959595959595","1040"
"easy","Shared treasure trail items","12406","Mort'ton teleport","5","15","0.0022095959595959595","12473"
"easy","Shared treasure trail items","12404","Feldip hills teleport","5","15","0.0022095959595959595","752"
"easy","Shared treasure trail items","12405","Lunar isle teleport","5","15","0.0022095959595959595","2529"
"easy","Shared treasure trail items","12403","Digsite teleport","5","15","0.0022095959595959595","5981"
"easy","Shared treasure trail items","12408","Piscatoris teleport","5","15","0.0022095959595959595","3195"
"easy","Shared treasure trail items","12407","Pest control teleport","5","15","0.0022095959595959595","410"
"easy","Shared treasure trail items","12409","Tai bwo wannai teleport","5","15","0.0022095959595959595","3211"
"easy","Shared treasure trail items","12642","Lumberyard teleport","5","15","0.0022095959595959595","3125"
"easy","Shared treasure trail items","12410","Iorwerth camp teleport","5","15","0.0022095959595959595","6554"
"easy","Shared treasure trail items","21387","Master scroll book (empty)","1","1","0.0012626262626262627","43587"
"easy","Shared treasure trail items","3827","Saradomin page 1","1","1","0.0011574074074074073","3348"
"easy","Shared treasure trail items","3828","Saradomin page 2","1","1","0.0011574074074074073","4937"
"easy","Shared treasure trail items","3829","Saradomin page 3","1","1","0.0011574074074074073","1804"
"easy","Shared treasure trail items","3830","Saradomin page 4","1","1","0.0011574074074074073","824"
"easy","Shared treasure trail items","3831","Zamorak page 1","1","1","0.0011574074074074073","3785"
"easy","Shared treasure trail items","3832","Zamorak page 2","1","1","0.0011574074074074073","3316"
"easy","Shared treasure trail items","3833","Zamorak page 3","1","1","0.0011574074074074073","2536"
"easy","Shared treasure trail items","3834","Zamorak page 4","1","1","0.0011574074074074073","2619"
"easy","Shared treasure trail items","3835","Guthix page 1","1","1","0.0011574074074074073","777"
"easy","Shared treasure trail items","3836","Guthix page 2","1","1","0.0011574074074074073","923"
"easy","Shared treasure trail items","3837","Guthix page 3","1","1","0.0011574074074074073","511"
"easy","Shared treasure trail items","3838","Guthix page 4","1","1","0.0011574074074074073","685"
"easy","Shared treasure trail items","12613","Bandos page 1","1","1","0.0011574074074074073","1025"
"easy","Shared treasure trail items","12614","Bandos page 2","1","1","0.0011574074074074073","964"
"easy","Shared treasure trail items","12615","Bandos page 3","1","1","0.0011574074074074073","911"
"easy","Shared treasure trail items","12616","Bandos page 4","1","1","0.0011574074074074073","1076"
"easy","Shared treasure trail items","12617","Armadyl page 1","1","1","0.0011574074074074073","1298"
"easy","Shared treasure trail items","12618","Armadyl page 2","1","1","0.0011574074074074073","1174"
"easy","Shared treasure trail items","12619","Armadyl page 3","1","1","0.0011574074074074073","1543"
"easy","Shared treasure trail items","12620","Armadyl page 4","1","1","0.0011574074074074073","1207"
"easy","Shared treasure trail items","12621","Ancient page 1","1","1","0.0011574074074074073","1845"
"easy","Shared treasure trail items","12622","Ancient page 2","1","1","0.0011574074074074073","1545"
"easy","Shared treasure trail items","12623","Ancient page 3","1","1","0.0011574074074074073","2171"
"easy","Shared treasure trail items","12624","Ancient page 4","1","1","0.0011574074074074073","1930"
"medium","Medium clue uniques","20275","Gnomish firelighter","1","1","0.0029325513196480938","9111"
"medium","Medium clue uniques","10282","Yew comp bow","1","1","0.0029325513196480938","1877"
"medium","Medium clue uniques","10364","Strength amulet (t)","1","1","0.0029325513196480938","21922"
"medium","Medium clue uniques","2577","Ranger boots","1","1","0.00088261253309797","33190170"
"medium","Medium clue uniques","2579","Wizard boots","1","1","0.00088261253309797","135154"
"medium","Medium clue uniques","12598","Holy sandals","1","1","0.00088261253309797","923158"
"medium","Medium clue uniques","23389","Spiked manacles","1","1","0.00088261253309797","386901"
"medium","Medium clue uniques","23413","Climbing boots (g)","1","1","0.00088261253309797","45669"
"medium","Medium clue uniques","2605","Adamant full helm (t)","1","1","0.00088261253309797","4256"
"medium","Medium clue uniques","2599","Adamant platebody (t)","1","1","0.00088261253309797","10596"
"medium","Medium clue uniques","2601","Adamant platelegs (t)","1","1","0.00088261253309797","3688"
"medium","Medium clue uniques","3474","Adamant plateskirt (t)","1","1","0.00088261253309797","2870"
"medium","Medium clue uniques","2603","Adamant kiteshield (t)","1","1","0.00088261253309797","4344"
"medium","Medium clue uniques","2613","Adamant full helm (g)","1","1","0.00088261253309797","17007"
"medium","Medium clue uniques","2607","Adamant platebody (g)","1","1","0.00088261253309797","20809"
"medium","Medium clue uniques","2609","Adamant platelegs (g)","1","1","0.00088261253309797","8861"
"medium","Medium clue uniques","3475","Adamant plateskirt (g)","1","1","0.00088261253309797","3254"
"medium","Medium clue uniques","2611","Adamant kiteshield (g)","1","1","0.00088261253309797","14720"
"medium","Medium clue uniques","7334","Adamant shield (h1)","1","1","0.00088261253309797","3295"
"medium","Medium clue uniques","7340","Adamant shield (h2)","1","1","0.00088261253309797","3063"
"medium","Medium clue uniques","7346","Adamant shield (h3)","1","1","0.00088261253309797","2724"
"medium","Medium clue uniques","7352","Adamant shield (h4)","1","1","0.00088261253309797","3608"
"medium","Medium clue uniques","7358","Adamant shield (h5)","1","1","0.00088261253309797","2998"
"medium","Medium clue uniques","10296","Adamant helm (h1)","1","1","0.00088261253309797","20629"
"medium","Medium clue uniques","10298","Adamant helm (h2)","1","1","0.00088261253309797","5113"
"medium","Medium clue uniques","10300","Adamant helm (h3)","1","1","0.00088261253309797","3014"
"medium","Medium clue uniques","10302","Adamant helm (h4)","1","1","0.00088261253309797","47814"
"medium","Medium clue uniques","10304","Adamant helm (h5)","1","1","0.00088261253309797","6420"
"medium","Medium clue uniques","23392","Adamant platebody (h1)","1","1","0.00088261253309797","9031"
"medium","Medium clue uniques","23395","Adamant platebody (h2)","1","1","0.00088261253309797","10158"
"medium","Medium clue uniques","23398","Adamant platebody (h3)","1","1","0.00088261253309797","9299"
"medium","Medium clue uniques","23401","Adamant platebody (h4)","1","1","0.00088261253309797","9182"
"medium","Medium clue uniques","23404","Adamant platebody (h5)","1","1","0.00088261253309797","9587"
"medium","Medium clue uniques","12283","Mithril full helm (g)","1","1","0.00088261253309797","5558"
"medium","Medium clue uniques","12277","Mithril platebody (g)","1","1","0.00088261253309797","4922"
"medium","Medium clue uniques","12279","Mithril platelegs (g)","1","1","0.00088261253309797","2447"
"medium","Medium clue uniques","12285","Mithril plateskirt (g)","1","1","0.00088261253309797","2114"
"medium","Medium clue uniques","12281","Mithril kiteshield (g)","1","1","0.00088261253309797","5975"
"medium","Medium clue uniques","12293","Mithril full helm (t)","1","1","0.00088261253309797","4088"
"medium","Medium clue uniques","12287","Mithril platebody (t)","1","1","0.00088261253309797","6268"
"medium","Medium clue uniques","12289","Mithril platelegs (t)","1","1","0.00088261253309797","2699"
"medium","Medium clue uniques","12295","Mithril plateskirt (t)","1","1","0.00088261253309797","2523"
"medium","Medium clue uniques","12291","Mithril kiteshield (t)","1","1","0.00088261253309797","5879"
"medium","Medium clue uniques","7370","Green d'hide body (g)","1","1","0.00088261253309797","6441"
"medium","Medium clue uniques","7372","Green d'hide body (t)","1","1","0.00088261253309797","4726"
"medium","Medium clue uniques","7378","Green d'hide chaps (g)","1","1","0.00088261253309797","60033"
"medium","Medium clue uniques","7380","Green d'hide chaps (t)","1","1","0.00088261253309797","9858"
"medium","Medium clue uniques","10452","Saradomin mitre","1","1","0.00088261253309797","15444"
"medium","Medium clue uniques","10446","Saradomin cloak","1","1","0.00088261253309797","28783"
"medium","Medium clue uniques","10454","Guthix mitre","1","1","0.00088261253309797","17503"
"medium","Medium clue uniques","10448","Guthix cloak","1","1","0.00088261253309797","7748"
"medium","Medium clue uniques","10456","Zamorak mitre","1","1","0.00088261253309797","17821"
"medium","Medium clue uniques","10450","Zamorak cloak","1","1","0.00088261253309797","13938"
"medium","Medium clue uniques","12203","Ancient mitre","1","1","0.00088261253309797","15290"
"medium","Medium clue uniques","12197","Ancient cloak","1","1","0.00088261253309797","14179"
"medium","Medium clue uniques","12201","Ancient stole","1","1","0.00088261253309797","3843"
"medium","Medium clue uniques","12199","Ancient crozier","1","1","0.00088261253309797","7182"
"medium","Medium clue uniques","12259","Armadyl mitre","1","1","0.00088261253309797","18649"
"medium","Medium clue uniques","12261","Armadyl cloak","1","1","0.00088261253309797","11667"
"medium","Medium clue uniques","12257","Armadyl stole","1","1","0.00088261253309797","3006"
"medium","Medium clue uniques","12263","Armadyl crozier","1","1","0.00088261253309797","7429"
"medium","Medium clue uniques","12271","Bandos mitre","1","1","0.00088261253309797","14847"
"medium","Medium clue uniques","12273","Bandos cloak","1","1","0.00088261253309797","58644"
"medium","Medium clue uniques","12269","Bandos stole","1","1","0.00088261253309797","4289"
"medium","Medium clue uniques","12275","Bandos crozier","1","1","0.00088261253309797","2415"
"medium","Medium clue uniques","7319","Red boater","1","1","0.00088261253309797","3556"
"medium","Medium clue uniques","7323","Green boater","1","1","0.00088261253309797","7621"
"medium","Medium clue uniques","7321","Orange boater","1","1","0.00088261253309797","764"
"medium","Medium clue uniques","7327","Black boater","1","1","0.00088261253309797","9500"
"medium","Medium clue uniques","7325","Blue boater","1","1","0.00088261253309797","2441"
"medium","Medium clue uniques","12309","Pink boater","1","1","0.00088261253309797","4434"
"medium","Medium clue uniques","12311","Purple boater","1","1","0.00088261253309797","2057"
"medium","Medium clue uniques","12313","White boater","1","1","0.00088261253309797","1528"
"medium","Medium clue uniques","2645","Red headband","1","1","0.00088261253309797","1030"
"medium","Medium clue uniques","2647","Black headband","1","1","0.00088261253309797","3637"
"medium","Medium clue uniques","2649","Brown headband","1","1","0.00088261253309797","6847"
"medium","Medium clue uniques","12299","White headband","1","1","0.00088261253309797","1151"
"medium","Medium clue uniques","12301","Blue headband","1","1","0.00088261253309797","7852"
"medium","Medium clue uniques","12303","Gold headband","1","1","0.00088261253309797","315"
"medium","Medium clue uniques","12305","Pink headband","1","1","0.00088261253309797","554"
"medium","Medium clue uniques","12307","Green headband","1","1","0.00088261253309797","679"
"medium","Medium clue uniques","12319","Crier hat","1","1","0.00088261253309797","3487"
"medium","Medium clue uniques","20240","Crier coat","1","1","0.00088261253309797","2570"
"medium","Medium clue uniques","20243","Crier bell","1","1","0.00088261253309797","3492"
"medium","Medium clue uniques","12377","Adamant cane","1","1","0.00088261253309797","1994"
"medium","Medium clue uniques","20251","Arceuus banner","1","1","0.00088261253309797","1201"
"medium","Medium clue uniques","20260","Piscarilius banner","1","1","0.00088261253309797","9008"
"medium","Medium clue uniques","20254","Hosidius banner","1","1","0.00088261253309797","1001"
"medium","Medium clue uniques","20263","Shayzien banner","1","1","0.00088261253309797","976"
"medium","Medium clue uniques","20257","Lovakengj banner","1","1","0.00088261253309797","1505"
"medium","Medium clue uniques","20272","Cabbage round shield","1","1","0.00088261253309797","4082"
"medium","Medium clue uniques","20266","Black unicorn mask","1","1","0.000441306266548985","29574"
"medium","Medium clue uniques","20269","White unicorn mask","1","1","0.000441306266548985","5818"
"medium","Medium clue uniques","12361","Cat mask","1","1","0.00088261253309797","11342"
"medium","Medium clue uniques","12428","Penguin mask","1","1","0.00088261253309797","21377"
"medium","Medium clue uniques","12359","Leprechaun hat","1","1","0.00088261253309797","5734"
"medium","Medium clue uniques","20246","Black leprechaun hat","1","1","0.00088261253309797","3839"
"medium","Medium clue uniques","23407","Wolf mask","1","1","0.00088261253309797","30034"
"medium","Medium clue uniques","23410","Wolf cloak","1","1","0.00088261253309797","20999"
"medium","Medium clue uniques","10416","Purple elegant shirt","1","1","0.000441306266548985","932"
"medium","Medium clue uniques","10436","Purple elegant blouse","1","1","0.000441306266548985","1207"
"medium","Medium clue uniques","10418","Purple elegant legs","1","1","0.000441306266548985","2183"
"medium","Medium clue uniques","10438","Purple elegant skirt","1","1","0.000441306266548985","805"
"medium","Medium clue uniques","10400","Black elegant shirt","1","1","0.000441306266548985","8007"
"medium","Medium clue uniques","10420","White elegant blouse","1","1","0.000441306266548985","5702"
"medium","Medium clue uniques","10402","Black elegant legs","1","1","0.000441306266548985","2034"
"medium","Medium clue uniques","10422","White elegant skirt","1","1","0.000441306266548985","1875"
"medium","Medium clue uniques","12315","Pink elegant shirt","1","1","0.000441306266548985","2044"
"medium","Medium clue uniques","12339","Pink elegant blouse","1","1","0.000441306266548985","1823"
"medium","Medium clue uniques","12317","Pink elegant legs","1","1","0.000441306266548985","3787"
"medium","Medium clue uniques","12341","Pink elegant skirt","1","1","0.000441306266548985","5820"
"medium","Medium clue uniques","12347","Gold elegant shirt","1","1","0.000441306266548985","2153"
"medium","Medium clue uniques","12343","Gold elegant blouse","1","1","0.000441306266548985","3696"
"medium","Medium clue uniques","12349","Gold elegant legs","1","1","0.000441306266548985","1097"
"medium","Medium clue uniques","12345","Gold elegant skirt","1","1","0.000441306266548985","269"
"medium","Weapons and armour","1161","Adamant full helm","1","1","0.02932551319648094","1868"
"medium","Weapons and armour","1123","Adamant platebody","1","1","0.02932551319648094","9418"
"medium","Weapons and armour","1073","Adamant platelegs","1","1","0.02932551319648094","3498"
"medium","Weapons and armour","1301","Adamant longsword","1","1","0.02932551319648094","1650"
"medium","Weapons and armour","1211","Adamant dagger","1","1","0.02932551319648094","247"
"medium","Weapons and armour","1371","Adamant battleaxe","1","1","0.02932551319648094","2325"
"medium","Weapons and armour","1357","Adamant axe","1","1","0.02932551319648094","519"
"medium","Weapons and armour","1271","Adamant pickaxe","1","1","0.02932551319648094","1697"
"medium","Weapons and armour","1135","Green d'hide body","1","1","0.02932551319648094","4338"
"medium","Weapons and armour","1099","Green d'hide chaps","1","1","0.02932551319648094","2160"
"medium","Weapons and armour","857","Yew shortbow","1","1","0.02932551319648094","346"
"medium","Weapons and armour","855","Yew longbow","1","1","0.026392961876832845","557"
"medium","Weapons and armour","1393","Fire battlestaff","1","1","0.02932551319648094","8765"
"medium","Weapons and armour","1731","Amulet of power","1","1","0.026392961876832845","2230"
"medium","Runes","556","Air rune","50","100","0.02932551319648094","5"
"medium","Runes","558","Mind rune","50","100","0.02932551319648094","3"
"medium","Runes","555","Water rune","50","100","0.02932551319648094","5"
"medium","Runes","557","Earth rune","50","100","0.02932551319648094","5"
"medium","Runes","554","Fire rune","50","100","0.02932551319648094","5"
"medium","Runes","562","Chaos rune","10","20","0.02932551319648094","105"
"medium","Runes","561","Nature rune","10","20","0.02932551319648094","157"
"medium","Runes","563","Law rune","10","20","0.02932551319648094","125"
"medium","Runes","560","Death rune","10","20","0.02932551319648094","190"
"medium","Food","379","Lobster","8","12","0.02932551319648094","94"
"medium","Food","373","Swordfish","8","12","0.02932551319648094","191"
"medium","Shared treasure trail items","995","Coins","200","1000","0.02932551319648094","0"
"medium","Shared treasure trail items","995","Coins","10000","15000","0.010263929618768328","0"
"medium","Shared treasure trail items","10476","Purple sweets","5","10","0.02932551319648094","5381"
"medium","Shared treasure trail items","10476","Purple sweets","8","12","0.010263929618768328","5381"
"medium","Shared treasure trail items","7329","Red firelighter","4","10","0.0052785923753665689","71"
"medium","Shared treasure trail items","7330","Green firelighter","4","10","0.0052785923753665689","72"
"medium","Shared treasure trail items","7331","Blue firelighter","4","10","0.0052785923753665689","69"
"medium","Shared treasure trail items","10326","Purple firelighter","4","10","0.0052785923753665689","77"
"medium","Shared treasure trail items","10327","White firelighter","4","10","0.0052785923753665689","76"
"medium","Shared treasure trail items","20220","Holy blessing","1","1","0.0014662756598240469","3952"
"medium","Shared treasure trail items","20223","Unholy blessing","1","1","0.0014662756598240469","10793"
"medium","Shared treasure trail items","20226","Peaceful blessing","1","1","0.0014662756598240469","2731"
"medium","Shared treasure trail items","20232","War blessing","1","1","0.0014662756598240469","7432"
"medium","Shared treasure trail items","20229","Honourable blessing","1","1","0.0014662756598240469","4268"
"medium","Shared treasure trail items","20235","Ancient blessing","1","1","0.0014662756598240469","3281"
"medium","Shared treasure trail items","20238","Charge dragonstone jewellery scroll","5","15","0.0023327112769928019","161"
"medium","Shared treasure trail items","12402","Nardah teleport","5","15","0.0023327112769928019","11821"
"medium","Shared treasure trail items","12411","Mos le'harmless teleport","5","15","0.0023327112769928019","1040"
"medium","Shared treasure trail items","12406","Mort'ton teleport","5","15","0.0023327112769928019","12473"
"medium","Shared treasure trail items","12404","Feldip hills teleport","5","15","0.0023327112769928019","752"
"medium","Shared treasure trail items","12405","Lunar isle teleport","5","15","0.0023327112769928019","2529"
"medium","Shared treasure trail items","12403","Digsite teleport","5","15","0.0023327112769928019","5981"
"medium","Shared treasure trail items","12408","Piscatoris teleport","5","15","0.0023327112769928019","3195"
"medium","Shared treasure trail items","12407","Pest control teleport","5","15","0.0023327112769928019","410"
"medium","Shared treasure trail items","12409","Tai bwo wannai teleport","5","15","0.0023327112769928019","3211"
"medium","Shared treasure trail items","12642","Lumberyard teleport","5","15","0.0023327112769928019","3125"
"medium","Shared treasure trail items","12410","Iorwerth camp teleport","5","15","0.0023327112769928019","6554"
"medium","Shared treasure trail items","21387","Master scroll book (empty)","1","1","0.0013329778725673154","43587"
"medium","Shared treasure trail items","3827","Saradomin page 1","1","1","0.0012218963831867058","3348"
"medium","Shared treasure trail items","3828","Saradomin page 2","1","1","0.0012218963831867058","4937"
"medium","Shared treasure trail items","3829","Saradomin page 3","1","1","0.0012218963831867058","1804"
"medium","Shared treasure trail items","3830","Saradomin page 4","1","1","0.0012218963831867058","824"
"medium","Shared treasure trail items","3831","Zamorak page 1","1","1","0.0012218963831867058","3785"
"medium","Shared treasure trail items","3832","Zamorak page 2","1","1","0.0012218963831867058","3316"
"medium","Shared treasure trail items","3833","Zamorak page 3","1","1","0.0012218963831867058","2536"
"medium","Shared treasure trail items","3834","Zamorak page 4","1","1","0.0012218963831867058","2619"
"medium","Shared treasure trail items","3835","Guthix page 1","1","1","0.0012218963831867058","777"
"medium","Shared treasure trail items","3836","Guthix page 2","1","1","0.0012218963831867058","923"
"medium","Shared treasure trail items","3837","Guthix page 3","1","1","0.0012218963831867058","511"
"medium","Shared treasure trail items","3838","Guthix page 4","1","1","0.0012218963831867058","685"
"medium","Shared treasure trail items","12613","Bandos page 1","1","1","0.0012218963831867058","1025"
"medium","Shared treasure trail items","12614","Bandos page 2","1","1","0.0012218963831867058","964"
"medium","Shared treasure trail items","12615","Bandos page 3","1","1","0.0012218963831867058","911"
"medium","Shared treasure trail items","12616","Bandos page 4","1","1","0.0012218963831867058","1076"
"medium","Shared treasure trail items","12617","Armadyl page 1","1","1","0.0012218963831867058","1298"
"medium","Shared treasure trail items","12618","Armadyl page 2","1","1","0.0012218963831867058","1174"
"medium","Shared treasure trail items","12619","Armadyl page 3","1","1","0.0012218963831867058","1543"
"medium","Shared treasure trail items","12620","Armadyl page 4","1","1","0.0012218963831867058","1207"
"medium","Shared treasure trail items","12621","Ancient page 1","1","1","0.0012218963831867058","1845"
"medium","Shared treasure trail items","12622","Ancient page 2","1","1","0.0012218963831867058","1545"
"medium","Shared treasure trail items","12623","Ancient page 3","1","1","0.0012218963831867058","2171"
"medium","Shared treasure trail items","12624","Ancient page 4","1","1","0.0012218963831867058","1930"
"hard","Hard clue uniques","10284","Magic comp bow","1","1","0.003692762186115214","1436"
"hard","Hard clue uniques","10354","Amulet of glory (t4)","1","1","0.00061538461538461541","47668"
"hard","Hard clue uniques","2581","Robin hood hat","1","1","0.00061538461538461541","822196"
"hard","Hard clue uniques","7400","Enchanted hat","1","1","0.00061538461538461541","9772"
"hard","Hard clue uniques","7399","Enchanted top","1","1","0.00061538461538461541","75453"
"hard","Hard clue uniques","7398","Enchanted robe","1","1","0.00061538461538461541","51115"
"hard","Hard clue uniques","22231","Dragon boots ornament kit","1","1","0.00061538461538461541","10317"
"hard","Hard clue uniques","2627","Rune full helm (t)","1","1","0.00061538461538461541","19207"
"hard","Hard clue uniques","2623","Rune platebody (t)","1","1","0.00061538461538461541","40854"
"hard","Hard clue uniques","2625","Rune platelegs (t)","1","1","0.00061538461538461541","38952"
"hard","Hard clue uniques","3477","Rune plateskirt (t)","1","1","0.00061538461538461541","37870"
"hard","Hard clue uniques","2629","Rune kiteshield (t)","1","1","0.00061538461538461541","32884"
"hard","Hard clue uniques","2619","Rune full helm (g)","1","1","0.00061538461538461541","85095"
"hard","Hard clue uniques","2615","Rune platebody (g)","1","1","0.00061538461538461541","42895"
"hard","Hard clue uniques","2617","Rune platelegs (g)","1","1","0.00061538461538461541","42321"
"hard","Hard clue uniques","3476","Rune plateskirt (g)","1","1","0.00061538461538461541","38629"
"hard","Hard clue uniques","2621","Rune kiteshield (g)","1","1","0.00061538461538461541","83050"
"hard","Hard clue uniques","7336","Rune shield (h1)","1","1","0.00061538461538461541","67697"
"hard","Hard clue uniques","7342","Rune shield (h2)","1","1","0.00061538461538461541","35592"
"hard","Hard clue uniques","7348","Rune shield (h3)","1","1","0.00061538461538461541","32998"
"hard","Hard clue uniques","7354","Rune shield (h4)","1","1","0.00061538461538461541","33257"
"hard","Hard clue uniques","7360","Rune shield (h5)","1","1","0.00061538461538461541","33483"
"hard","Hard clue uniques","10286","Rune helm (h1)","1","1","0.00061538461538461541","58161"
"hard","Hard clue uniques","10288","Rune helm (h2)","1","1","0.00061538461538461541","21142"
"hard","Hard clue uniques","10290","Rune helm (h3)","1","1","0.00061538461538461541","20751"
"hard","Hard clue uniques","10292","Rune helm (h4)","1","1","0.00061538461538461541","20857"
"hard","Hard clue uniques","10294","Rune helm (h5)","1","1","0.00061538461538461541","22448"
"hard","Hard clue uniques","23209","Rune platebody (h1)","1","1","0.00012307692307692307","52458"
"hard","Hard clue uniques","23212","Rune platebody (h2)","1","1","0.00012307692307692307","40426"
"hard","Hard clue uniques","23215","Rune platebody (h3)","1","1","0.00012307692307692307","38128"
"hard","Hard clue uniques","23218","Rune platebody (h4)","1","1","0.00012307692307692307","65008"
"hard","Hard clue uniques","23221","Rune platebody (h5)","1","1","0.00012307692307692307","40071"
"hard","Hard clue uniques","2657","Zamorak full helm","1","1","0.00061538461538461541","495827"
"hard","Hard clue uniques","2653","Zamorak platebody","1","1","0.00061538461538461541","39458"
"hard","Hard clue uniques","2655","Zamorak platelegs","1","1","0.00061538461538461541","38333"
"hard","Hard clue uniques","3478","Zamorak plateskirt","1","1","0.00061538461538461541","38965"
"hard","Hard clue uniques","2659","Zamorak kiteshield","1","1","0.00061538461538461541","37386"
"hard","Hard clue uniques","2673","Guthix full helm","1","1","0.00061538461538461541","27210"
"hard","Hard clue uniques","2669","Guthix platebody","1","1","0.00061538461538461541","40755"
"hard","Hard clue uniques","2671","Guthix platelegs","1","1","0.00061538461538461541","39777"
"hard","Hard clue uniques","3480","Guthix plateskirt","1","1","0.00061538461538461541","37884"
"hard","Hard clue uniques","2675","Guthix kiteshield","1","1","0.00061538461538461541","33559"
"hard","Hard clue uniques","2665","Saradomin full helm","1","1","0.00061538461538461541","74626"
"hard","Hard clue uniques","2661","Saradomin platebody","1","1","0.00061538461538461541","58882"
"hard","Hard clue uniques","2663","Saradomin platelegs","1","1","0.00061538461538461541","44597"
"hard","Hard clue uniques","3479","Saradomin plateskirt","1","1","0.00061538461538461541","38126"
"hard","Hard clue uniques","2667","Saradomin kiteshield","1","1","0.00061538461538461541","47363"
"hard","Hard clue uniques","12466","Ancient full helm","1","1","0.00061538461538461541","21390"
"hard","Hard clue uniques","12460","Ancient platebody","1","1","0.00061538461538461541","38363"
"hard","Hard clue uniques","12462","Ancient platelegs","1","1","0.00061538461538461541","40168"
"hard","Hard clue uniques","12464","Ancient plateskirt","1","1","0.00061538461538461541","37774"
"hard","Hard clue uniques","12468","Ancient kiteshield","1","1","0.00061538461538461541","32792"
"hard","Hard clue uniques","12476","Armadyl full helm","1","1","0.00061538461538461541","21942"
"hard","Hard clue uniques","12470","Armadyl platebody","1","1","0.00061538461538461541","38633"
"hard","Hard clue uniques","12472","Armadyl platelegs","1","1","0.00061538461538461541","38884"
"hard","Hard clue uniques","12474","Armadyl plateskirt","1","1","0.00061538461538461541","38715"
"hard","Hard clue uniques","12478","Armadyl kiteshield","1","1","0.00061538461538461541","32640"
"hard","Hard clue uniques","12486","Bandos full helm","1","1","0.00061538461538461541","20920"
"hard","Hard clue uniques","12480","Bandos platebody","1","1","0.00061538461538461541","98578"
"hard","Hard clue uniques","12482","Bandos platelegs","1","1","0.00061538461538461541","37902"
"hard","Hard clue uniques","12484","Bandos plateskirt","1","1","0.00061538461538461541","37876"
"hard","Hard clue uniques","12488","Bandos kiteshield","1","1","0.00061538461538461541","33580"
"hard","Hard clue uniques","12327","Red d'hide body (g)","1","1","0.00061538461538461541","6005"
"hard","Hard clue uniques","12331","Red d'hide body (t)","1","1","0.00061538461538461541","5970"
"hard","Hard clue uniques","12329","Red d'hide chaps (g)","1","1","0.00061538461538461541","7265"
"hard","Hard clue uniques","12333","Red d'hide chaps (t)","1","1","0.00061538461538461541","3454"
"hard","Hard clue uniques","7374","Blue d'hide body (g)","1","1","0.00061538461538461541","6200"
"hard","Hard clue uniques","7376","Blue d'hide body (t)","1","1","0.00061538461538461541","5306"
"hard","Hard clue uniques","7382","Blue d'hide chaps (g)","1","1","0.00061538461538461541","5110"
"hard","Hard clue uniques","7384","Blue d'hide chaps (t)","1","1","0.00061538461538461541","2853"
"hard","Hard clue uniques","10390","Saradomin coif","1","1","0.00061538461538461541","40340"
"hard","Hard clue uniques","10386","Saradomin d'hide body","1","1","0.00061538461538461541","87254"
"hard","Hard clue uniques","10388","Saradomin chaps","1","1","0.00061538461538461541","138323"
"hard","Hard clue uniques","10384","Saradomin bracers","1","1","0.00061538461538461541","20141"
"hard","Hard clue uniques","19933","Saradomin d'hide boots","1","1","0.00061538461538461541","146984"
"hard","Hard clue uniques","23191","Saradomin d'hide shield","1","1","0.00010256410256410256","169899"
"hard","Hard clue uniques","10382","Guthix coif","1","1","0.00061538461538461541","46132"
"hard","Hard clue uniques","10378","Guthix d'hide body","1","1","0.00061538461538461541","86486"
"hard","Hard clue uniques","10380","Guthix chaps","1","1","0.00061538461538461541","138625"
"hard","Hard clue uniques","10376","Guthix bracers","1","1","0.00061538461538461541","13145"
"hard","Hard clue uniques","19927","Guthix d'hide boots","1","1","0.00061538461538461541","126435"
"hard","Hard clue uniques","23188","Guthix d'hide shield","1","1","0.00010256410256410256","199726"
"hard","Hard clue uniques","10374","Zamorak coif","1","1","0.00061538461538461541","43326"
"hard","Hard clue uniques","10370","Zamorak d'hide body","1","1","0.00061538461538461541","150497"
"hard","Hard clue uniques","10372","Zamorak chaps","1","1","0.00061538461538461541","161194"
"hard","Hard clue uniques","10368","Zamorak bracers","1","1","0.00061538461538461541","77697"
"hard","Hard clue uniques","19936","Zamorak d'hide boots","1","1","0.00061538461538461541","173549"
"hard","Hard clue uniques","23194","Zamorak d'hide shield","1","1","0.00010256410256410256","195264"
"hard","Hard clue uniques","12504","Bandos coif","1","1","0.00061538461538461541","55979"
"hard","Hard clue uniques","12500","Bandos d'hide body","1","1","0.00061538461538461541","84756"
"hard","Hard clue uniques","12502","Bandos chaps","1","1","0.00061538461538461541","132825"
"hard","Hard clue uniques","12498","Bandos bracers","1","1","0.00061538461538461541","20074"
"hard","Hard clue uniques","19924","Bandos d'hide boots","1","1","0.00061538461538461541","146310"
"hard","Hard clue uniques","23203","Bandos d'hide shield","1","1","0.00010256410256410256","178055"
"hard","Hard clue uniques","12512","Armadyl coif","1","1","0.00061538461538461541","61014"
"hard","Hard clue uniques","12508","Armadyl d'hide body","1","1","0.00061538461538461541","87858"
"hard","Hard clue uniques","12510","Armadyl chaps","1","1","0.00061538461538461541","172507"
"hard","Hard clue uniques","12506","Armadyl bracers","1","1","0.00061538461538461541","23372"
"hard","Hard clue uniques","19930","Armadyl d'hide boots","1","1","0.00061538461538461541","215362"
"hard","Hard clue uniques","23200","Armadyl d'hide shield","1","1","0.00010256410256410256","328978"
"hard","Hard clue uniques","12496","Ancient coif","1","1","0.00061538461538461541","58562"
"hard","Hard clue uniques","12492","Ancient d'hide body","1","1","0.00061538461538461541","79947"
"hard","Hard clue uniques","12494","Ancient chaps","1","1","0.00061538461538461541","131331"
"hard","Hard clue uniques","12490","Ancient bracers","1","1","0.00061538461538461541","16288"
"hard","Hard clue uniques","19921","Ancient d'hide boots","1","1","0.00061538461538461541","170093"
"hard","Hard clue uniques","23197","Ancient d'hide shield","1","1","0.00010256410256410256","182519"
"hard","Hard clue uniques","10470","Saradomin stole","1","1","0.00061538461538461541","2178"
"hard","Hard clue uniques","10440","Saradomin crozier","1","1","0.00061538461538461541","2993"
"hard","Hard clue uniques","10472","Guthix stole","1","1","0.00061538461538461541","3856"
"hard","Hard clue uniques","10442","Guthix crozier","1","1","0.00061538461538461541","3751"
"hard","Hard clue uniques","10474","Zamorak stole","1","1","0.00061538461538461541","1680"
"hard","Hard clue uniques","10444","Zamorak crozier","1","1","0.00061538461538461541","2826"
"hard","Hard clue uniques","19912","Zombie head (Treasure Trails)","1","1","0.00061538461538461541","4484"
"hard","Hard clue uniques","19915","Cyclops head","1","1","0.00061538461538461541","3680"
"hard","Hard clue uniques","2651","Pirate's hat","1","1","0.00061538461538461541","21946"
"hard","Hard clue uniques","12323","Red cavalier","1","1","0.00061538461538461541","4247"
"hard","Hard clue uniques","12321","White cavalier","1","1","0.00061538461538461541","1938"
"hard","Hard clue uniques","12325","Navy cavalier","1","1","0.00061538461538461541","2371"
"hard","Hard clue uniques","2639","Tan cavalier","1","1","0.00061538461538461541","3988"
"hard","Hard clue uniques","2641","Dark cavalier","1","1","0.00061538461538461541","2109"
"hard","Hard clue uniques","2643","Black cavalier","1","1","0.00061538461538461541","33396"
"hard","Hard clue uniques","12516","Pith helmet","1","1","0.00061538461538461541","5029"
"hard","Hard clue uniques","12514","Explorer backpack","1","1","0.00061538461538461541","4247"
"hard","Hard clue uniques","12518","Green dragon mask","1","1","0.00061538461538461541","5553"
"hard","Hard clue uniques","12520","Blue dragon mask","1","1","0.00061538461538461541","7742"
"hard","Hard clue uniques","12522","Red dragon mask","1","1","0.00061538461538461541","32131"
"hard","Hard clue uniques","12524","Black dragon mask","1","1","0.00061538461538461541","50464"
"hard","Hard clue uniques","19918","Nunchaku","1","1","0.00061538461538461541","3036"
"hard","Hard clue uniques","12379","Rune cane","1","1","0.00061538461538461541","7952"
"hard","Hard clue uniques","23206","Dual sai","1","1","0.00061538461538461541","3710"
"hard","Hard clue uniques","23224","Thieving bag","1","1","0.00061538461538461541","21545"
"hard","Hard clue uniques","23227","Rune defender ornament kit","1","1","0.00061538461538461541","6097"
"hard","Hard clue uniques","23237","Berserker necklace ornament kit","1","1","0.00061538461538461541","3180"
"hard","Hard clue uniques","23232","Tzhaar-ket-om ornament kit","1","1","0.00061538461538461541","1934"
"hard","Mega-rare table - Hard clues","3016","Super energy(4)","15","15","6.1538461538461535E-05","2194"
"hard","Mega-rare table - Hard clues","3024","Super restore(4)","15","15","6.1538461538461535E-05","10068"
"hard","Mega-rare table - Hard clues","2452","Antifire potion(4)","15","15","6.1538461538461535E-05","663"
"hard","Mega-rare table - Hard clues","2436","Super attack(4)","5","5","6.1538461538461535E-05","2138"
"hard","Mega-rare table - Hard clues","2440","Super strength(4)","5","5","6.1538461538461535E-05","3171"
"hard","Mega-rare table - Hard clues","2442","Super defence(4)","5","5","6.1538461538461535E-05","3361"
"hard","Mega-rare table - Hard clues","3486","Gilded full helm","1","1","2.7972027972027973E-05","8074285"
"hard","Mega-rare table - Hard clues","3481","Gilded platebody","1","1","2.7972027972027973E-05","9704204"
"hard","Mega-rare table - Hard clues","3483","Gilded platelegs","1","1","2.7972027972027973E-05","6645838"
"hard","Mega-rare table - Hard clues","3485","Gilded plateskirt","1","1","2.7972027972027973E-05","891923"
"hard","Mega-rare table - Hard clues","3488","Gilded kiteshield","1","1","2.7972027972027973E-05","7409436"
"hard","Mega-rare table - Hard clues","20146","Gilded med helm","1","1","2.7972027972027973E-05","1624646"
"hard","Mega-rare table - Hard clues","20149","Gilded chainbody","1","1","2.7972027972027973E-05","2155121"
"hard","Mega-rare table - Hard clues","20152","Gilded sq shield","1","1","2.7972027972027973E-05","1279422"
"hard","Mega-rare table - Hard clues","20155","Gilded 2h sword","1","1","2.7972027972027973E-05","4768102"
"hard","Mega-rare table - Hard clues","20158","Gilded spear","1","1","2.7972027972027973E-05","997784"
"hard","Mega-rare table - Hard clues","20161","Gilded hasta","1","1","2.7972027972027973E-05","699379"
"hard","Mega-rare table - Hard clues","10350","3rd Age full helmet","1","1","4.7337278106508872E-06","29472994"
"hard","Mega-rare table - Hard clues","10348","3rd Age platebody","1","1","4.7337278106508872E-06","138603956"
"hard","Mega-rare table - Hard clues","10346","3rd Age platelegs","1","1","4.7337278106508872E-06","72063164"
"hard","Mega-rare table - Hard clues","23242","3rd Age plateskirt","1","1","4.7337278106508872E-06","30225000"
"hard","Mega-rare table - Hard clues","10352","3rd Age kiteshield","1","1","4.7337278106508872E-06","64498449"
"hard","Mega-rare table - Hard clues","10334","3rd Age range coif","1","1","4.7337278106508872E-06","16074818"
"hard","Mega-rare table - Hard clues","10330","3rd Age range top","1","1","4.7337278106508872E-06","26295817"
"hard","Mega-rare table - Hard clues","10332","3rd Age range legs","1","1","4.7337278106508872E-06","15431626"
"hard","Mega-rare table - Hard clues","10336","3rd Age vambraces","1","1","4.7337278106508872E-06","12493629"
"hard","Mega-rare table - Hard clues","10342","3rd Age mage hat","1","1","4.7337278106508872E-06","14114853"
"hard","Mega-rare table - Hard clues","10338","3rd Age robe top","1","1","4.7337278106508872E-06","108822634"
"hard","Mega-rare table - Hard clues","10340","3rd Age robe","1","1","4.7337278106508872E-06","26053271"
"hard","Mega-rare table - Hard clues","10344","3rd Age amulet","1","1","4.7337278106508872E-06","44906808"
"hard","Weapons and armour","1163","Rune full helm","1","1","0.036900369003690037","20532"
"hard","Weapons and armour","1127","Rune platebody","1","1","0.036900369003690037","38436"
"hard","Weapons and armour","1079","Rune platelegs","1","1","0.036900369003690037","37769"
"hard","Weapons and armour","1093","Rune plateskirt","1","1","0.036900369003690037","37990"
"hard","Weapons and armour","1201","Rune kiteshield","1","1","0.036900369003690037","32050"
"hard","Weapons and armour","1303","Rune longsword","1","1","0.036900369003690037","18672"
"hard","Weapons and armour","1213","Rune dagger","1","1","0.036900369003690037","4477"
"hard","Weapons and armour","1373","Rune battleaxe","1","1","0.036900369003690037","24341"
"hard","Weapons and armour","1359","Rune axe","1","1","0.036900369003690037","7199"
"hard","Weapons and armour","1275","Rune pickaxe","1","1","0.036900369003690037","18630"
"hard","Weapons and armour","2503","Black d'hide body","1","1","0.036900369003690037","7145"
"hard","Weapons and armour","2497","Black d'hide chaps","1","1","0.036900369003690037","3358"
"hard","Weapons and armour","861","Magic shortbow","1","1","0.036900369003690037","784"
"hard","Weapons and armour","859","Magic longbow","1","1","0.033222591362126241","1130"
"hard","Runes","561","Nature rune","30","50","0.036900369003690037","157"
"hard","Runes","563","Law rune","30","50","0.036900369003690037","125"
"hard","Runes","565","Blood rune","20","30","0.036900369003690037","371"
"hard","Food","379","Lobster","12","15","0.036900369003690037","94"
"hard","Food","385","Shark","12","15","0.036900369003690037","1003"
"hard","Shared treasure trail items","995","Coins","1000","5000","0.036900369003690037","0"
"hard","Shared treasure trail items","995","Coins","10000","15000","0.012919896640826873","0"
"hard","Shared treasure trail items","10476","Purple sweets","7","15","0.036900369003690037","5381"
"hard","Shared treasure trail items","10476","Purple sweets","8","12","0.012919896640826873","5381"
"hard","Shared treasure trail items","7329","Red firelighter","9","15","0.007385524372230428","71"
"hard","Shared treasure trail items","7330","Green firelighter","9","15","0.007385524372230428","72"
"hard","Shared treasure trail items","7331","Blue firelighter","9","15","0.007385524372230428","69"
"hard","Shared treasure trail items","10326","Purple firelighter","9","15","0.007385524372230428","77"
"hard","Shared treasure trail items","10327","White firelighter","9","15","0.007385524372230428","76"
"hard","Shared treasure trail items","20220","Holy blessing","1","1","0.001846040243677312","3952"
"hard","Shared treasure trail items","20223","Unholy blessing","1","1","0.001846040243677312","10793"
"hard","Shared treasure trail items","20226","Peaceful blessing","1","1","0.001846040243677312","2731"
"hard","Shared treasure trail items","20232","War blessing","1","1","0.001846040243677312","7432"
"hard","Shared treasure trail items","20229","Honourable blessing","1","1","0.001846040243677312","4268"
"hard","Shared treasure trail items","20235","Ancient blessing","1","1","0.001846040243677312","3281"
"hard","Shared treasure trail items","20238","Charge dragonstone jewellery scroll","5","15","0.002936857562408223","161"
"hard","Shared treasure trail items","12402","Nardah teleport","5","15","0.002936857562408223","11821"
"hard","Shared treasure trail items","12411","Mos le'harmless teleport","5","15","0.002936857562408223","1040"
"hard","Shared treasure trail items","12406","Mort'ton teleport","5","15","0.002936857562408223","12473"
"hard","Shared treasure trail items","12404","Feldip hills teleport","5","15","0.002936857562408223","752"
"hard","Shared treasure trail items","12405","Lunar isle teleport","5","15","0.002936857562408223","2529"
"hard","Shared treasure trail items","12403","Digsite teleport","5","15","0.002936857562408223","5981"
"hard","Shared treasure trail items","12408","Piscatoris teleport","5","15","0.002936857562408223","3195"
"hard","Shared treasure trail items","12407","Pest control teleport","5","15","0.002936857562408223","410"
"hard","Shared treasure trail items","12409","Tai bwo wannai teleport","5","15","0.002936857562408223","3211"
"hard","Shared treasure trail items","12642","Lumberyard teleport","5","15","0.002936857562408223","3125"
"hard","Shared treasure trail items","12410","Iorwerth camp teleport","5","15","0.002936857562408223","6554"
"hard","Shared treasure trail items","21387","Master scroll book (empty)","1","1","0.0016784155756965427","43587"
"hard","Shared treasure trail items","3827","Saradomin page 1","1","1","0.0015384615384615385","3348"
"hard","Shared treasure trail items","3828","Saradomin page 2","1","1","0.0015384615384615385","4937"
"hard","Shared treasure trail items","3829","Saradomin page 3","1","1","0.0015384615384615385","1804"
"hard","Shared treasure trail items","3830","Saradomin page 4","1","1","0.0015384615384615385","824"
"hard","Shared treasure trail items","3831","Zamorak page 1","1","1","0.0015384615384615385","3785"
"hard","Shared treasure trail items","3832","Zamorak page 2","1","1","0.0015384615384615385","3316"
"hard","Shared treasure trail items","3833","Zamorak page 3","1","1","0.0015384615384615385","2536"
"hard","Shared treasure trail items","3834","Zamorak page 4","1","1","0.0015384615384615385","2619"
"hard","Shared treasure trail items","3835","Guthix page 1","1","1","0.0015384615384615385","777"
"hard","Shared treasure trail items","3836","Guthix page 2","1","1","0.0015384615384615385","923"
"hard","Shared treasure trail items","3837","Guthix page 3","1","1","0.0015384615384615385","511"
"hard","Shared treasure trail items","3838","Guthix page 4","1","1","0.0015384615384615385","685"
"hard","Shared treasure trail items","12613","Bandos page 1","1","1","0.0015384615384615385","1025"
"hard","Shared treasure trail items","12614","Bandos page 2","1","1","0.0015384615384615385","964"
"hard","Shared treasure trail items","12615","Bandos page 3","1","1","0.0015384615384615385","911"
"hard","Shared treasure trail items","12616","Bandos page 4","1","1","0.0015384615384615385","1076"
"hard","Shared treasure trail items","12617","Armadyl page 1","1","1","0.0015384615384615385","1298"
"hard","Shared treasure trail items","12618","Armadyl page 2","1","1","0.0015384615384615385","1174"
"hard","Shared treasure trail items","12619","Armadyl page 3","1","1","0.0015384615384615385","1543"
"hard","Shared treasure trail items","12620","Armadyl page 4","1","1","0.0015384615384615385","1207"
"hard","Shared treasure trail items","12621","Ancient page 1","1","1","0.0015384615384615385","1845"
"hard","Shared treasure trail items","12622","Ancient page 2","1","1","0.0015384615384615385","1545"
"hard","Shared treasure trail items","12623","Ancient page 3","1","1","0.0015384615384615385","2171"
"hard","Shared treasure trail items","12624","Ancient page 4","1","1","0.0015384615384615385","1930"
"elite","Elite clue uniques","12538","Dragon full helm ornament kit","1","1","0.000784313725490196","20498"
"elite","Elite clue uniques","12534","Dragon chainbody ornament kit","1","1","0.000784313725490196","8769"
"elite","Elite clue uniques","12536","Dragon legs/skirt ornament kit","1","1","0.000784313725490196","2835"
"elite","Elite clue uniques","12532","Dragon sq shield ornament kit","1","1","0.000784313725490196","16162"
"elite","Elite clue uniques","20002","Dragon scimitar ornament kit","1","1","0.000784313725490196","105292"
"elite","Elite clue uniques","12526","Fury ornament kit","1","1","0.000784313725490196","222773"
"elite","Elite clue uniques","12530","Light infinity colour kit","1","1","0.000784313725490196","8093"
"elite","Elite clue uniques","12528","Dark infinity colour kit","1","1","0.000784313725490196","23980"
"elite","Elite clue uniques","12397","Royal crown","1","1","0.000784313725490196","108686"
"elite","Elite clue uniques","12393","Royal gown top","1","1","0.000784313725490196","13419"
"elite","Elite clue uniques","12395","Royal gown bottom","1","1","0.000784313725490196","2887"
"elite","Elite clue uniques","12439","Royal sceptre","1","1","0.000784313725490196","19933"
"elite","Elite clue uniques","12351","Musketeer hat","1","1","0.000784313725490196","90424"
"elite","Elite clue uniques","12441","Musketeer tabard","1","1","0.000784313725490196","16204"
"elite","Elite clue uniques","12443","Musketeer pants","1","1","0.000784313725490196","16530"
"elite","Elite clue uniques","12381","Black d'hide body (g)","1","1","0.000784313725490196","17073"
"elite","Elite clue uniques","12385","Black d'hide body (t)","1","1","0.000784313725490196","17005"
"elite","Elite clue uniques","12383","Black d'hide chaps (g)","1","1","0.000784313725490196","73530"
"elite","Elite clue uniques","12387","Black d'hide chaps (t)","1","1","0.000784313725490196","33667"
"elite","Elite clue uniques","12596","Rangers' tunic","1","1","0.000784313725490196","1860045"
"elite","Elite clue uniques","19994","Ranger gloves","1","1","0.000784313725490196","173197"
"elite","Elite clue uniques","19997","Holy wraps","1","1","0.000784313725490196","473523"
"elite","Elite clue uniques","12363","Bronze dragon mask","1","1","0.000784313725490196","6059"
"elite","Elite clue uniques","12365","Iron dragon mask","1","1","0.000784313725490196","5513"
"elite","Elite clue uniques","12367","Steel dragon mask","1","1","0.000784313725490196","5553"
"elite","Elite clue uniques","12369","Mithril dragon mask","1","1","0.000784313725490196","5424"
"elite","Elite clue uniques","23270","Adamant dragon mask","1","1","0.000784313725490196","11827"
"elite","Elite clue uniques","23273","Rune dragon mask","1","1","0.000784313725490196","23106"
"elite","Elite clue uniques","19943","Arceuus scarf","1","1","0.000784313725490196","132726"
"elite","Elite clue uniques","19946","Hosidius scarf","1","1","0.000784313725490196","7224"
"elite","Elite clue uniques","19949","Lovakengj scarf","1","1","0.000784313725490196","5316"
"elite","Elite clue uniques","19952","Piscarilius scarf","1","1","0.000784313725490196","8630"
"elite","Elite clue uniques","19955","Shayzien scarf","1","1","0.000784313725490196","9024"
"elite","Elite clue uniques","12357","Katana","1","1","0.000784313725490196","55817"
"elite","Elite clue uniques","12373","Dragon cane","1","1","0.000784313725490196","17845"
"elite","Elite clue uniques","19991","Bucket helm","1","1","0.000784313725490196","14708"
"elite","Elite clue uniques","19988","Blacksmith's helm","1","1","0.000784313725490196","23577"
"elite","Elite clue uniques","12540","Deerstalker","1","1","0.000784313725490196","6821"
"elite","Elite clue uniques","12430","Afro","1","1","0.000784313725490196","21328"
"elite","Elite clue uniques","12355","Big pirate hat","1","1","0.000784313725490196","105819"
"elite","Elite clue uniques","12432","Top hat","1","1","0.000784313725490196","106755"
"elite","Elite clue uniques","12353","Monocle","1","1","0.000784313725490196","18695"
"elite","Elite clue uniques","12335","Briefcase","1","1","0.000784313725490196","152889"
"elite","Elite clue uniques","12337","Sagacious spectacles","1","1","0.000784313725490196","404560"
"elite","Elite clue uniques","19970","Dark bow tie","1","1","7.843137254901961E-05","332092"
"elite","Elite clue uniques","19958","Dark tuxedo jacket","1","1","7.843137254901961E-05","1075695"
"elite","Elite clue uniques","19961","Dark tuxedo cuffs","1","1","7.843137254901961E-05","250362"
"elite","Elite clue uniques","19964","Dark trousers","1","1","7.843137254901961E-05","674857"
"elite","Elite clue uniques","19967","Dark tuxedo shoes","1","1","7.843137254901961E-05","431105"
"elite","Elite clue uniques","19985","Light bow tie","1","1","7.843137254901961E-05","5000"
"elite","Elite clue uniques","19973","Light tuxedo jacket","1","1","7.843137254901961E-05","1090046"
"elite","Elite clue uniques","19976","Light tuxedo cuffs","1","1","7.843137254901961E-05","195593"
"elite","Elite clue uniques","19979","Light trousers","1","1","7.843137254901961E-05","323250"
"elite","Elite clue uniques","19982","Light tuxedo shoes","1","1","7.843137254901961E-05","543267"
"elite","Elite clue uniques","23249","Rangers' tights","1","1","0.000784313725490196","147977"
"elite","Elite clue uniques","23255","Uri's hat","1","1","0.000784313725490196","14588"
"elite","Elite clue uniques","23252","Giant boot","1","1","0.000784313725490196","30882"
"elite","Elite clue uniques","23246","Fremennik kilt","1","1","0.000784313725490196","2218657"
"elite","Mega rare table - Elite clues","20005","Ring of nature","1","1","6.8201193520886619E-05","6658544"
"elite","Mega rare table - Elite clues","989","Crystal key","1","1","6.8201193520886619E-05","19815"
"elite","Mega rare table - Elite clues","12371","Lava dragon mask","1","1","6.8201193520886619E-05","1011635"
"elite","Mega rare table - Elite clues","1391","Battlestaff","100","100","6.8201193520886619E-05","7401"
"elite","Mega rare table - Elite clues","11951","Extended antifire(4)","30","30","6.8201193520886619E-05","270"
"elite","Mega rare table - Elite clues","3024","Super restore(4)","30","30","6.8201193520886619E-05","10068"
"elite","Mega rare table - Elite clues","6685","Saradomin brew(4)","30","30","6.8201193520886619E-05","7168"
"elite","Mega rare table - Elite clues","2444","Ranging potion(4)","30","30","6.8201193520886619E-05","1961"
"elite","Mega rare table - Elite clues","3486","Gilded full helm","1","1","3.1000542509493913E-05","8074285"
"elite","Mega rare table - Elite clues","3481","Gilded platebody","1","1","3.1000542509493913E-05","9704204"
"elite","Mega rare table - Elite clues","3483","Gilded platelegs","1","1","3.1000542509493913E-05","6645838"
"elite","Mega rare table - Elite clues","3485","Gilded plateskirt","1","1","3.1000542509493913E-05","891923"
"elite","Mega rare table - Elite clues","3488","Gilded kiteshield","1","1","3.1000542509493913E-05","7409436"
"elite","Mega rare table - Elite clues","20146","Gilded med helm","1","1","3.1000542509493913E-05","1624646"
"elite","Mega rare table - Elite clues","20149","Gilded chainbody","1","1","3.1000542509493913E-05","2155121"
"elite","Mega rare table - Elite clues","20152","Gilded sq shield","1","1","3.1000542509493913E-05","1279422"
"elite","Mega rare table - Elite clues","20155","Gilded 2h sword","1","1","3.1000542509493913E-05","4768102"
"elite","Mega rare table - Elite clues","20158","Gilded spear","1","1","3.1000542509493913E-05","997784"
"elite","Mega rare table - Elite clues","20161","Gilded hasta","1","1","3.1000542509493913E-05","699379"
"elite","Mega rare table - Elite clues","12389","Gilded scimitar","1","1","6.8201193520886619E-05","13379124"
"elite","Mega rare table - Elite clues","12391","Gilded boots","1","1","6.8201193520886619E-05","956531"
"elite","Mega rare table - Elite clues","23258","Gilded coif","1","1","6.8201193520886619E-05","482068"
"elite","Mega rare table - Elite clues","23261","Gilded d'hide vambraces","1","1","6.8201193520886619E-05","4848329"
"elite","Mega rare table - Elite clues","23264","Gilded d'hide body","1","1","6.8201193520886619E-05","1861813"
"elite","Mega rare table - Elite clues","23267","Gilded d'hide chaps","1","1","6.8201193520886619E-05","5631671"
"elite","Mega rare table - Elite clues","23276","Gilded pickaxe","1","1","6.8201193520886619E-05","3809013"
"elite","Mega rare table - Elite clues","23279","Gilded axe","1","1","6.8201193520886619E-05","4151518"
"elite","Mega rare table - Elite clues","23282","Gilded spade","1","1","6.8201193520886619E-05","2609104"
"elite","Mega rare table - Elite clues","10350","3rd Age full helmet","1","1","4.0118349129933307E-06","29472994"
"elite","Mega rare table - Elite clues","10348","3rd Age platebody","1","1","4.0118349129933307E-06","138603956"
"elite","Mega rare table - Elite clues","10346","3rd Age platelegs","1","1","4.0118349129933307E-06","72063164"
"elite","Mega rare table - Elite clues","23242","3rd Age plateskirt","1","1","4.0118349129933307E-06","30225000"
"elite","Mega rare table - Elite clues","10352","3rd Age kiteshield","1","1","4.0118349129933307E-06","64498449"
"elite","Mega rare table - Elite clues","10334","3rd Age range coif","1","1","4.0118349129933307E-06","16074818"
"elite","Mega rare table - Elite clues","10330","3rd Age range top","1","1","4.0118349129933307E-06","26295817"
"elite","Mega rare table - Elite clues","10332","3rd Age range legs","1","1","4.0118349129933307E-06","15431626"
"elite","Mega rare table - Elite clues","10336","3rd Age vambraces","1","1","4.0118349129933307E-06","12493629"
"elite","Mega rare table - Elite clues","10342","3rd Age mage hat","1","1","4.0118349129933307E-06","14114853"
"elite","Mega rare table - Elite clues","10338","3rd Age robe top","1","1","4.0118349129933307E-06","108822634"
"elite","Mega rare table - Elite clues","10340","3rd Age robe","1","1","4.0118349129933307E-06","26053271"
"elite","Mega rare table - Elite clues","10344","3rd Age amulet","1","1","4.0118349129933307E-06","44906808"
"elite","Mega rare table - Elite clues","12426","3rd Age longsword","1","1","4.0118349129933307E-06","886834710"
"elite","Mega rare table - Elite clues","12422","3rd Age wand","1","1","4.0118349129933307E-06","275555666"
"elite","Mega rare table - Elite clues","12437","3rd Age cloak","1","1","4.0118349129933307E-06","279690160"
"elite","Mega rare table - Elite clues","12424","3rd Age bow","1","1","4.0118349129933307E-06","1006169748"
"elite","Weapons and armour","1127","Rune platebody","1","1","0.030959752321981428","38436"
"elite","Weapons and armour","1079","Rune platelegs","1","1","0.030959752321981428","37769"
"elite","Weapons and armour","1093","Rune plateskirt","1","1","0.030959752321981428","37990"
"elite","Weapons and armour","1201","Rune kiteshield","1","1","0.030959752321981428","32050"
"elite","Weapons and armour","9185","Rune crossbow","1","1","0.030959752321981428","9291"
"elite","Weapons and armour","1215","Dragon dagger","1","1","0.030959752321981428","17151"
"elite","Weapons and armour","1434","Dragon mace","1","1","0.030959752321981428","29273"
"elite","Weapons and armour","1305","Dragon longsword","1","1","0.030959752321981428","59078"
"elite","Weapons and armour","9194","Onyx bolt tips","8","12","0.030959752321981428","8065"
"elite","Runes","563","Law rune","50","75","0.030959752321981428","125"
"elite","Runes","560","Death rune","50","75","0.030959752321981428","190"
"elite","Runes","565","Blood rune","50","75","0.030959752321981428","371"
"elite","Runes","566","Soul rune","50","75","0.030959752321981428","387"
"elite","Jewellery","11115","Dragonstone bracelet","1","1","0.030959752321981428","11349"
"elite","Jewellery","1664","Dragon necklace","1","1","0.030959752321981428","11027"
"elite","Jewellery","1645","Dragonstone ring","1","1","0.030959752321981428","10475"
"elite","Food","7060","Tuna potato","15","20","0.030959752321981428","1457"
"elite","Food","7218","Summer pie","15","20","0.030959752321981428","652"
"elite","Resources","8778","Oak plank","60","80","0.030959752321981428","395"
"elite","Resources","8780","Teak plank","40","50","0.030959752321981428","737"
"elite","Resources","8782","Mahogany plank","20","30","0.030959752321981428","1811"
"elite","Resources","2363","Runite bar","1","3","0.030959752321981428","12220"
"elite","Resources","985","Tooth half of key","1","1","0.015479876160990714","9710"
"elite","Resources","987","Loop half of key","1","1","0.015479876160990714","9680"
"elite","Resources","5289","Palm tree seed","1","1","0.010319917440660475","16285"
"elite","Resources","5315","Yew seed","1","1","0.010319917440660475","18779"
"elite","Resources","5316","Magic seed","1","1","0.010319917440660475","71166"
"elite","Shared treasure trail items","995","Coins","20000","30000","0.030959752321981428","0"
"elite","Shared treasure trail items","995","Coins","10000","15000","0.010834236186348862","0"
"elite","Shared treasure trail items","10476","Purple sweets","9","23","0.030959752321981428","5381"
"elite","Shared treasure trail items","10476","Purple sweets","8","12","0.010834236186348862","5381"
"elite","Shared treasure trail items","7329","Red firelighter","9","15","0.0061919504643962852","71"
"elite","Shared treasure trail items","7330","Green firelighter","9","15","0.0061919504643962852","72"
"elite","Shared treasure trail items","7331","Blue firelighter","9","15","0.0061919504643962852","69"
"elite","Shared treasure trail items","10326","Purple firelighter","9","15","0.0061919504643962852","77"
"elite","Shared treasure trail items","10327","White firelighter","9","15","0.0061919504643962852","76"
"elite","Shared treasure trail items","20220","Holy blessing","1","1","0.0015484670176525242","3952"
"elite","Shared treasure trail items","20223","Unholy blessing","1","1","0.0015484670176525242","10793"
"elite","Shared treasure trail items","20226","Peaceful blessing","1","1","0.0015484670176525242","2731"
"elite","Shared treasure trail items","20232","War blessing","1","1","0.0015484670176525242","7432"
"elite","Shared treasure trail items","20229","Honourable blessing","1","1","0.0015484670176525242","4268"
"elite","Shared treasure trail items","20235","Ancient blessing","1","1","0.0015484670176525242","3281"
"elite","Shared treasure trail items","20238","Charge dragonstone jewellery scroll","5","15","0.0049261083743842365","161"
"elite","Shared treasure trail items","12402","Nardah teleport","5","15","0.0049261083743842365","11821"
"elite","Shared treasure trail items","12411","Mos le'harmless teleport","5","15","0.0049261083743842365","1040"
"elite","Shared treasure trail items","12406","Mort'ton teleport","5","15","0.0049261083743842365","12473"
"elite","Shared treasure trail items","12404","Feldip hills teleport","5","15","0.0049261083743842365","752"
"elite","Shared treasure trail items","12405","Lunar isle teleport","5","15","0.0049261083743842365","2529"
"elite","Shared treasure trail items","12403","Digsite teleport","5","15","0.0049261083743842365","5981"
"elite","Shared treasure trail items","12408","Piscatoris teleport","5","15","0.0049261083743842365","3195"
"elite","Shared treasure trail items","12407","Pest control teleport","5","15","0.0049261083743842365","410"
"elite","Shared treasure trail items","12409","Tai bwo wannai teleport","5","15","0.0049261083743842365","3211"
"elite","Shared treasure trail items","12642","Lumberyard teleport","5","15","0.0049261083743842365","3125"
"elite","Shared treasure trail items","12410","Iorwerth camp teleport","5","15","0.0049261083743842365","6554"
"elite","Shared treasure trail items","21387","Master scroll book (empty)","1","1","0.0028153153153153156","43587"
"elite","Shared treasure trail items","3827","Saradomin page 1","1","1","0.0012903225806451613","3348"
"elite","Shared treasure trail items","3828","Saradomin page 2","1","1","0.0012903225806451613","4937"
"elite","Shared treasure trail items","3829","Saradomin page 3","1","1","0.0012903225806451613","1804"
"elite","Shared treasure trail items","3830","Saradomin page 4","1","1","0.0012903225806451613","824"
"elite","Shared treasure trail items","3831","Zamorak page 1","1","1","0.0012903225806451613","3785"
"elite","Shared treasure trail items","3832","Zamorak page 2","1","1","0.0012903225806451613","3316"
"elite","Shared treasure trail items","3833","Zamorak page 3","1","1","0.0012903225806451613","2536"
"elite","Shared treasure trail items","3834","Zamorak page 4","1","1","0.0012903225806451613","2619"
"elite","Shared treasure trail items","3835","Guthix page 1","1","1","0.0012903225806451613","777"
"elite","Shared treasure trail items","3836","Guthix page 2","1","1","0.0012903225806451613","923"
"elite","Shared treasure trail items","3837","Guthix page 3","1","1","0.0012903225806451613","511"
"elite","Shared treasure trail items","3838","Guthix page 4","1","1","0.0012903225806451613","685"
"elite","Shared treasure trail items","12613","Bandos page 1","1","1","0.0012903225806451613","1025"
"elite","Shared treasure trail items","12614","Bandos page 2","1","1","0.0012903225806451613","964"
"elite","Shared treasure trail items","12615","Bandos page 3","1","1","0.0012903225806451613","911"
"elite","Shared treasure trail items","12616","Bandos page 4","1","1","0.0012903225806451613","1076"
"elite","Shared treasure trail items","12617","Armadyl page 1","1","1","0.0012903225806451613","1298"
"elite","Shared treasure trail items","12618","Armadyl page 2","1","1","0.0012903225806451613","1174"
"elite","Shared treasure trail items","12619","Armadyl page 3","1","1","0.0012903225806451613","1543"
"elite","Shared treasure trail items","12620","Armadyl page 4","1","1","0.0012903225806451613","1207"
"elite","Shared treasure trail items","12621","Ancient page 1","1","1","0.0012903225806451613","1845"
"elite","Shared treasure trail items","12622","Ancient page 2","1","1","0.0012903225806451613","1545"
"elite","Shared treasure trail items","12623","Ancient page 3","1","1","0.0012903225806451613","2171"
"elite","Shared treasure trail items","12624","Ancient page 4","1","1","0.0012903225806451613","1930"
"master","Master clue uniques","20065","Occult ornament kit","1","1","0.0011750881316098707","3031862"
"master","Master clue uniques","20062","Torture ornament kit","1","1","0.0011750881316098707","86150"
"master","Master clue uniques","22246","Anguish ornament kit","1","1","0.0011750881316098707","190355"
"master","Master clue uniques","23348","Tormented ornament kit","1","1","0.0011750881316098707","43828"
"master","Master clue uniques","20143","Dragon defender ornament kit","1","1","0.0011750881316098707","35501"
"master","Master clue uniques","22239","Dragon kiteshield ornament kit","1","1","3.9169604386995689E-05","2800004"
"master","Master clue uniques","22236","Dragon platebody ornament kit","1","1","7.8339208773991377E-05","5212488"
"master","Master clue uniques","20128","Hood of darkness","1","1","0.0011750881316098707","10419"
"master","Master clue uniques","20131","Robe top of darkness","1","1","0.0011750881316098707","74619"
"master","Master clue uniques","20134","Gloves of darkness","1","1","0.0011750881316098707","7397"
"master","Master clue uniques","20137","Robe bottom of darkness","1","1","0.0011750881316098707","48241"
"master","Master clue uniques","20140","Boots of darkness","1","1","0.0011750881316098707","10488"
"master","Master clue uniques","20035","Samurai kasa","1","1","0.0011750881316098707","28171"
"master","Master clue uniques","20038","Samurai shirt","1","1","0.0011750881316098707","27398"
"master","Master clue uniques","20041","Samurai gloves","1","1","0.0011750881316098707","42490"
"master","Master clue uniques","20044","Samurai greaves","1","1","0.0011750881316098707","23010"
"master","Master clue uniques","20047","Samurai boots","1","1","0.0011750881316098707","6512"
"master","Master clue uniques","20113","Arceuus hood","1","1","0.0011750881316098707","1529"
"master","Master clue uniques","20116","Hosidius hood","1","1","0.0011750881316098707","1702"
"master","Master clue uniques","20119","Lovakengj hood","1","1","0.0011750881316098707","3625"
"master","Master clue uniques","20122","Piscarilius hood","1","1","0.0011750881316098707","5777"
"master","Master clue uniques","20125","Shayzien hood","1","1","0.0011750881316098707","2986"
"master","Master clue uniques","20029","Old demon mask","1","1","0.0011750881316098707","14392"
"master","Master clue uniques","20020","Lesser demon mask","1","1","0.0011750881316098707","6877"
"master","Master clue uniques","20023","Greater demon mask","1","1","0.0011750881316098707","2277"
"master","Master clue uniques","20026","Black demon mask","1","1","0.0011750881316098707","17624"
"master","Master clue uniques","20032","Jungle demon mask","1","1","0.0011750881316098707","22678"
"master","Master clue uniques","19724","Left eye patch","1","1","0.0011750881316098707","2623"
"master","Master clue uniques","20110","Bowl wig","1","1","0.0011750881316098707","21840"
"master","Master clue uniques","20056","Ale of the gods","1","1","0.0011750881316098707","155721"
"master","Master clue uniques","20050","Obsidian cape (r)","1","1","0.0011750881316098707","443652"
"master","Master clue uniques","20008","Fancy tiara","1","1","0.0011750881316098707","9077"
"master","Master clue uniques","20053","Half moon spectacles","1","1","0.0011750881316098707","21580"
"master","Master clue uniques","20068","Armadyl godsword ornament kit","1","1","0.00029377203290246768","89768"
"master","Master clue uniques","20071","Bandos godsword ornament kit","1","1","0.00029377203290246768","2162602"
"master","Master clue uniques","20074","Saradomin godsword ornament kit","1","1","0.00029377203290246768","6176265"
"master","Master clue uniques","20077","Zamorak godsword ornament kit","1","1","0.00029377203290246768","171254"
"master","Master clue uniques","20095","Ankou mask","1","1","7.8339208773991377E-05","7657155"
"master","Master clue uniques","20098","Ankou top","1","1","7.8339208773991377E-05","13340579"
"master","Master clue uniques","20101","Ankou gloves","1","1","7.8339208773991377E-05","2519294"
"master","Master clue uniques","20104","Ankou's leggings","1","1","7.8339208773991377E-05","6705274"
"master","Master clue uniques","20107","Ankou socks","1","1","7.8339208773991377E-05","1815136"
"master","Master clue uniques","20080","Mummy's head","1","1","7.8339208773991377E-05","813737"
"master","Master clue uniques","20083","Mummy's body","1","1","7.8339208773991377E-05","1128003"
"master","Master clue uniques","20086","Mummy's hands","1","1","7.8339208773991377E-05","267980"
"master","Master clue uniques","20089","Mummy's legs","1","1","7.8339208773991377E-05","804386"
"master","Master clue uniques","20092","Mummy's feet","1","1","7.8339208773991377E-05","311488"
"master","Mega-rare table - Master clues","20059","Bucket helm (g)","1","1","7.3443008225616919E-05","2104500"
"master","Mega-rare table - Master clues","20017","Ring of coins","1","1","7.3443008225616919E-05","11461941"
"master","Mega-rare table - Master clues","1965","Cabbage","3","3","7.3443008225616919E-05","26"
"master","Mega-rare table - Master clues","12913","Anti-venom+(4)","15","15","7.3443008225616919E-05","14834"
"master","Mega-rare table - Master clues","269","Torstol","50","50","7.3443008225616919E-05","3246"
"master","Mega-rare table - Master clues","3486","Gilded full helm","1","1","6.67663711141972E-06","8074285"
"master","Mega-rare table - Master clues","3481","Gilded platebody","1","1","6.67663711141972E-06","9704204"
"master","Mega-rare table - Master clues","3483","Gilded platelegs","1","1","6.67663711141972E-06","6645838"
"master","Mega-rare table - Master clues","3485","Gilded plateskirt","1","1","6.67663711141972E-06","891923"
"master","Mega-rare table - Master clues","3488","Gilded kiteshield","1","1","6.67663711141972E-06","7409436"
"master","Mega-rare table - Master clues","20146","Gilded med helm","1","1","6.67663711141972E-06","1624646"
"master","Mega-rare table - Master clues","20149","Gilded chainbody","1","1","6.67663711141972E-06","2155121"
"master","Mega-rare table - Master clues","20152","Gilded sq shield","1","1","6.67663711141972E-06","1279422"
"master","Mega-rare table - Master clues","20155","Gilded 2h sword","1","1","6.67663711141972E-06","4768102"
"master","Mega-rare table - Master clues","20158","Gilded spear","1","1","6.67663711141972E-06","997784"
"master","Mega-rare table - Master clues","20161","Gilded hasta","1","1","6.67663711141972E-06","699379"
"master","Mega-rare table - Master clues","12389","Gilded scimitar","1","1","7.3443008225616919E-05","13379124"
"master","Mega-rare table - Master clues","12391","Gilded boots","1","1","7.3443008225616919E-05","956531"
"master","Mega-rare table - Master clues","23258","Gilded coif","1","1","7.3443008225616919E-05","482068"
"master","Mega-rare table - Master clues","23261","Gilded d'hide vambraces","1","1","7.3443008225616919E-05","4848329"
"master","Mega-rare table - Master clues","23264","Gilded d'hide body","1","1","7.3443008225616919E-05","1861813"
"master","Mega-rare table - Master clues","23267","Gilded d'hide chaps","1","1","7.3443008225616919E-05","5631671"
"master","Mega-rare table - Master clues","23276","Gilded pickaxe","1","1","7.3443008225616919E-05","3809013"
"master","Mega-rare table - Master clues","23279","Gilded axe","1","1","7.3443008225616919E-05","4151518"
"master","Mega-rare table - Master clues","23282","Gilded spade","1","1","7.3443008225616919E-05","2609104"
"master","Mega-rare table - Master clues","10350","3rd Age full helmet","1","1","3.1931742706789967E-06","29472994"
"master","Mega-rare table - Master clues","10348","3rd Age platebody","1","1","3.1931742706789967E-06","138603956"
"master","Mega-rare table - Master clues","10346","3rd Age platelegs","1","1","3.1931742706789967E-06","72063164"
"master","Mega-rare table - Master clues","23242","3rd Age plateskirt","1","1","3.1931742706789967E-06","30225000"
"master","Mega-rare table - Master clues","10352","3rd Age kiteshield","1","1","3.1931742706789967E-06","64498449"
"master","Mega-rare table - Master clues","10334","3rd Age range coif","1","1","3.1931742706789967E-06","16074818"
"master","Mega-rare table - Master clues","10330","3rd Age range top","1","1","3.1931742706789967E-06","26295817"
"master","Mega-rare table - Master clues","10332","3rd Age range legs","1","1","3.1931742706789967E-06","15431626"
"master","Mega-rare table - Master clues","10336","3rd Age vambraces","1","1","3.1931742706789967E-06","12493629"
"master","Mega-rare table - Master clues","10342","3rd Age mage hat","1","1","3.1931742706789967E-06","14114853"
"master","Mega-rare table - Master clues","10338","3rd Age robe top","1","1","3.1931742706789967E-06","108822634"
"master","Mega-rare table - Master clues","10340","3rd Age robe","1","1","3.1931742706789967E-06","26053271"
"master","Mega-rare table - Master clues","10344","3rd Age amulet","1","1","3.1931742706789967E-06","44906808"
"master","Mega-rare table - Master clues","23336","3rd Age druidic robe top","1","1","3.1931742706789967E-06","200000"
"master","Mega-rare table - Master clues","23339","3rd Age druidic robe bottoms","1","1","3.1931742706789967E-06","1544999995"
"master","Mega-rare table - Master clues","23345","3rd Age druidic cloak","1","1","3.1931742706789967E-06","645527333"
"master","Mega-rare table - Master clues","12426","3rd Age longsword","1","1","3.1931742706789967E-06","886834710"
"master","Mega-rare table - Master clues","12424","3rd Age bow","1","1","3.1931742706789967E-06","1006169748"
"master","Mega-rare table - Master clues","12422","3rd Age wand","1","1","3.1931742706789967E-06","275555666"
"master","Mega-rare table - Master clues","23342","3rd Age druidic staff","1","1","3.1931742706789967E-06","200000"
"master","Mega-rare table - Master clues","12437","3rd Age cloak","1","1","3.1931742706789967E-06","279690160"
"master","Mega-rare table - Master clues","20014","3rd Age pickaxe","1","1","3.1931742706789967E-06","97950"
"master","Mega-rare table - Master clues","20011","3rd Age axe","1","1","3.1931742706789967E-06","55000"
"master","Weapons","1215","Dragon dagger","1","1","0.033003300330033","17151"
"master","Weapons","1434","Dragon mace","1","1","0.033003300330033","29273"
"master","Weapons","1305","Dragon longsword","1","1","0.033003300330033","59078"
"master","Weapons","4587","Dragon scimitar","1","1","0.033003300330033","59242"
"master","Weapons","1377","Dragon battleaxe","1","1","0.033003300330033","119132"
"master","Weapons","3204","Dragon halberd","1","1","0.033003300330033","149123"
"master","Runes and ammunition","561","Nature rune","100","200","0.033003300330033","157"
"master","Runes and ammunition","560","Death rune","100","200","0.033003300330033","190"
"master","Runes and ammunition","565","Blood rune","100","200","0.033003300330033","371"
"master","Runes and ammunition","566","Soul rune","100","200","0.033003300330033","387"
"master","Runes and ammunition","9245","Onyx bolts (e)","15","25","0.033003300330033","8498"
"master","Food","391","Manta ray","15","25","0.033003300330033","1388"
"master","Resources","245","Wine of Zamorak","35","50","0.033003300330033","989"
"master","Resources","225","Limpwurt root","40","60","0.033003300330033","221"
"master","Resources","207","Grimy ranarr weed","5","10","0.033003300330033","5795"
"master","Resources","3049","Grimy toadflax","25","35","0.033003300330033","2042"
"master","Resources","3051","Grimy snapdragon","5","10","0.033003300330033","7451"
"master","Resources","451","Runite ore","5","8","0.033003300330033","10212"
"master","Resources","2363","Runite bar","5","7","0.033003300330033","12220"
"master","Resources","1747","Black dragonhide","5","25","0.033003300330033","3617"
"master","Resources","985","Tooth half of key","1","1","0.0165016501650165","9710"
"master","Resources","987","Loop half of key","1","1","0.0165016501650165","9680"
"master","Resources","5289","Palm tree seed","1","2","0.01098901098901099","16285"
"master","Resources","5315","Yew seed","1","2","0.01098901098901099","18779"
"master","Resources","5316","Magic seed","1","2","0.01098901098901099","71166"
"master","Shared treasure trail items","995","Coins","20000","35000","0.033003300330033","0"
"master","Shared treasure trail items","995","Coins","10000","15000","0.011547344110854504","0"
"master","Shared treasure trail items","995","Coins","15000","30000","0.0026246719160104987","0"
"master","Shared treasure trail items","10476","Purple sweets","14","33","0.033003300330033","5381"
"master","Shared treasure trail items","10476","Purple sweets","8","12","0.011547344110854504","5381"
"master","Shared treasure trail items","7329","Red firelighter","20","38","0.0065963060686015833","71"
"master","Shared treasure trail items","7330","Green firelighter","20","38","0.0065963060686015833","72"
"master","Shared treasure trail items","7331","Blue firelighter","20","38","0.0065963060686015833","69"
"master","Shared treasure trail items","10326","Purple firelighter","20","38","0.0065963060686015833","77"
"master","Shared treasure trail items","10327","White firelighter","20","38","0.0065963060686015833","76"
"master","Shared treasure trail items","20220","Holy blessing","1","1","0.0016490765171503958","3952"
"master","Shared treasure trail items","20223","Unholy blessing","1","1","0.0016490765171503958","10793"
"master","Shared treasure trail items","20226","Peaceful blessing","1","1","0.0016490765171503958","2731"
"master","Shared treasure trail items","20232","War blessing","1","1","0.0016490765171503958","7432"
"master","Shared treasure trail items","20229","Honourable blessing","1","1","0.0016490765171503958","4268"
"master","Shared treasure trail items","20235","Ancient blessing","1","1","0.0016490765171503958","3281"
"master","Shared treasure trail items","20238","Charge dragonstone jewellery scroll","5","15","0.0052465897166841559","161"
"master","Shared treasure trail items","12402","Nardah teleport","5","15","0.0052465897166841559","11821"
"master","Shared treasure trail items","12411","Mos le'harmless teleport","5","15","0.0052465897166841559","1040"
"master","Shared treasure trail items","12406","Mort'ton teleport","5","15","0.0052465897166841559","12473"
"master","Shared treasure trail items","12404","Feldip hills teleport","5","15","0.0052465897166841559","752"
"master","Shared treasure trail items","12405","Lunar isle teleport","5","15","0.0052465897166841559","2529"
"master","Shared treasure trail items","12403","Digsite teleport","5","15","0.0052465897166841559","5981"
"master","Shared treasure trail items","12408","Piscatoris teleport","5","15","0.0052465897166841559","3195"
"master","Shared treasure trail items","12407","Pest control teleport","5","15","0.0052465897166841559","410"
"master","Shared treasure trail items","12409","Tai bwo wannai teleport","5","15","0.0052465897166841559","3211"
"master","Shared treasure trail items","12642","Lumberyard teleport","5","15","0.0052465897166841559","3125"
"master","Shared treasure trail items","12410","Iorwerth camp teleport","5","15","0.0052465897166841559","6554"
"master","Shared treasure trail items","21387","Master scroll book (empty)","1","1","0.0029985007496251873","43587"
"master","Shared treasure trail items","3827","Saradomin page 1","1","1","0.0014232849416453174","3348"
"master","Shared treasure trail items","3828","Saradomin page 2","1","1","0.0014232849416453174","4937"
"master","Shared treasure trail items","3829","Saradomin page 3","1","1","0.0014232849416453174","1804"
"master","Shared treasure trail items","3830","Saradomin page 4","1","1","0.0014232849416453174","824"
"master","Shared treasure trail items","3831","Zamorak page 1","1","1","0.0014232849416453174","3785"
"master","Shared treasure trail items","3832","Zamorak page 2","1","1","0.0014232849416453174","3316"
"master","Shared treasure trail items","3833","Zamorak page 3","1","1","0.0014232849416453174","2536"
"master","Shared treasure trail items","3834","Zamorak page 4","1","1","0.0014232849416453174","2619"
"master","Shared treasure trail items","3835","Guthix page 1","1","1","0.0014232849416453174","777"
"master","Shared treasure trail items","3836","Guthix page 2","1","1","0.0014232849416453174","923"
"master","Shared treasure trail items","3837","Guthix page 3","1","1","0.0014232849416453174","511"
"master","Shared treasure trail items","3838","Guthix page 4","1","1","0.0014232849416453174","685"
"master","Shared treasure trail items","12613","Bandos page 1","1","1","0.0014232849416453174","1025"
"master","Shared treasure trail items","12614","Bandos page 2","1","1","0.0014232849416453174","964"
"master","Shared treasure trail items","12615","Bandos page 3","1","1","0.0014232849416453174","911"
"master","Shared treasure trail items","12616","Bandos page 4","1","1","0.0014232849416453174","1076"
"master","Shared treasure trail items","12617","Armadyl page 1","1","1","0.0014232849416453174","1298"
"master","Shared treasure trail items","12618","Armadyl page 2","1","1","0.0014232849416453174","1174"
"master","Shared treasure trail items","12619","Armadyl page 3","1","1","0.0014232849416453174","1543"
"master","Shared treasure trail items","12620","Armadyl page 4","1","1","0.0014232849416453174","1207"
"master","Shared treasure trail items","12621","Ancient page 1","1","1","0.0014232849416453174","1845"
"master","Shared treasure trail items","12622","Ancient page 2","1","1","0.0014232849416453174","1545"
"master","Shared treasure trail items","12623","Ancient page 3","1","1","0.0014232849416453174","2171"
"master","Shared treasure trail items","12624","Ancient page 4","1","1","0.0014232849416453174","1930"
